Ship Name,Abbreviation,Type,Co. Reference,LOA,Beam,Draught,Grt,Net Tonnag,Port Of Registration,Date,Nationality,Dead Weight,LRN
1905 BARGE,BARG,MISCELLANEOUS,41412,36,0,0,99,99,,,,99,
A LA MARINE,LAM,FREIGHTER,28813,170.06,25.2,9.5,16023,6251,HONG KONG,03/03/2011 00:00,,20069,9386524
A2,A2,CRUISE,78322,47.35,8.11,2.41,458,137,GEORGE TOWN,,CAYMAN ISLANDS,0,1008035
AAL BANGKOK,AALB,FREIGHTER,563504,148.99,23,9.8,14053,5373,MONROVIA,28/06/2012 00:00,LIBERIA,18703,9521564
AARON,AAR,TUG,COMDCK,23.95,9,3,164,49,ND,01/01/2013 00:00,NETHERLANDS,0,9653214
ABEKO SERVER 1,ABE1,DREDGER,COMDCK,55.15,15,4,10,0,HOLLAND,01/01/1998 00:00,DUTCH,0,245589000
ABEKO SERVER 2,ABE2,DREDGER,480211,48,12,2,999,999,0,01/01/1997 00:00,DUTCH,0,24429000
ABEKO SERVER 3,ABE3,DREDGER,480211,44,0,3,999,999,,,,999,9252668
ACAMAR,ACA,TUG,COMDCK,16,5,,99999999,,,,UK,,
ACHTHERGRACHT,ACH,FREIGHTER,20246,129.8,18,8,7949,4157,AMSTERDAM,01/03/2013 00:00,NETHERLAND,12150,8821802
ACWS CONTINGENCY RACING,ACWS CONT,MISCELLANEOUS,20246,50,,,100,,,,,,
ACWS LIVE RACING,ACWS LIVE,MISCELLANEOUS,20246,50,,,100,,,,,,
ADIX,ADIX,CRUISE,CASH,67,8.6,5,21,87,LONDON,,UNITED KINGDOM,0,1000150
ADURNI,ADU,TUG,COMDCK,16,5,,999999,,,,UK,,
AEGEAN ODYSSEY,AEG ODY,CRUISE,202362,140.5,20.82,6.58,12094,,PANAMA CITY,18/06/1972 00:00,PANAMA,4174,7225910
AEL SERVICE,AEL SERVICE,FREIGHTER,28813,99,,,99,,,,,,
AETHRA,AETHRA,TUG,507300,94.1,22,7.11,7082,2124,LIMASSOL,,CYPRUS,4549,9181481
AFON LAS,AFLAS,TUG,COMDCK,25,9.5,3.04,131,39,BEAUMARIS,14/07/2010 00:00,UK,200,9547398
AFON LLIGWY,AFO,TUG,20193,2.35,8,2,119,0,,,UK,0,9266384
AFRIC STAR,AFR,FREIGHTER,28813,158.53,23,9,11590,6230,NASSAU,,,12519,8713562
AGULHAS STREAM,AGU,FREIGHTER,28813,150,22,9,9298,4983,WILLEMSTAD,,NETHERLANDS,11048,9158537
AIDAAURA ,AIDAAURA,CRUISE,20162,203.2,28.1,6.2,42289,,GENOA ,01/11/2004 00:00,ITALY ,,9221566
AIDABELLA,AIDABELLA,CRUISE,64766,252,,,69203,,GENOA,,ITALY,,9362542
AIDACARA,AIDACARA,CRUISE,CASH,193.3,27.58,6.19,38531,,GENOA,,ITALY,,9112789
AIDAMAR,AIDAMAR,CRUISE,64766,253,32.2,7.3,71304,45123,GENOA,01/05/2012 00:00,ITALY,7757,9490052
AIDASOL,AIDASOL,CRUISE,20162,253,32.2,7.2,71304,45164,GENOA,27/02/2011 00:00,ITALY,7892,9490040
AIDAVITA,AIDAVITA,CRUISE,20162,203,28,6.4,42289,20877,GENOA,10/06/2001 00:00,ITALY,4232,9221554
ALBATROS,ALBA,CRUISE,423437,205.46,25,7,28518,10962,NASSAU,,BAHAMAS,5936,7304314
ALBEMARLE ISLAND,ALBE,FREIGHTER,28813,178.5,25,9,14061,6900,NASSAU,01/12/1992 00:00,,14160,9059602
ALBULA,ALB,MISCELLANEOUS,78322,63.84,,3.6,1397,,,,,,1008920
ALEXANDER,ALEX,FREIGHTER,563504,116.08,15.9,6.39,4723,2724,SAINT JOHN'S,01/05/2009 00:00,ANTIGUA & BARBUDA,7400,9433353
ALI CAT OF COWES,ALI CAT,MISCELLANEOUS,20184,20,10,17,78,,COWES,,UK,,232006214
ALSTERDIJK,ALS,FREIGHTER,28813,168.09,,10,17368,7822,MONROVIA,,LIBERIA,21150,9491484
ALVA,ALV,MISCELLANEOUS,CASH,54,7,3,286,85,STOCKHOLM,,SWEDEN,470,5013052
AMADEA,AMADEA,CRUISE,423437,190,24,6,28856,10131,NASSAU,01/10/1991 00:00,BAHAMAS,2248,8913162
AMANDA,AMAN,FREIGHTER,507300,80.96,11.3,2.8,1441,459,MARSTAL,01/11/2002 00:00,DENMRK,1795,8104565
AMARA,AMARA,MISCELLANEOUS,COMDCK,57.3,9.5,3,702,210,GEORGE TOWN,,CAYMAN ISLANDS,,1001178
AMARYLLIS,AMARY,MISCELLANEOUS,20246,78.43,12,3,2108,,GEORGE TOWN,09/11/2011 00:00,UK,220,1010519
AMBER11,AMB,TUG,28813,48,13,5,975,292,VALLETTA,,MALTA,760,9425423
AMBIENCE,AMBIENCE,CRUISE,20162,245,,,70285,,,,,,
AMBITION,AMB2,CRUISE,20162,216,28.8,7,48123,25196,NASSAU,01/03/2022 00:00,BAHAMAS,4923,9172777
AMERA,AMERA,CRUISE,423437,204,32.32,7.25,38848,15501,NASSAU,29/04/1988 00:00,BAHAMAS,6150,8700280
AMOENITAS,AMO,FREIGHTER,101128,133.98,,23,11473,3834,SAINT JOHNS,01/06/2014 00:00,ANTIGUA BARBUD,9963,9505510
ANDALUCIA STAR,ANDAL,FREIGHTER,28813,158.5,23,9,11658,6290,NASSAU,01/06/1989 00:00,BAHAMAS,12714,8816170
ANDRE B,ANDREB,TUG,533631,31.1,9,4,1,1,,,DUTCH,1,
ANDREA,ANDREA,FREIGHTER,644009,134.4,22,8,9981,6006,GIBRALTAR,11/07/2005 00:00,NORWAY,11285,9333357
ANDRINA F,ANDRINA F,FREIGHTER,563504,81.09,11,3,1568,556,SAINT JOHN'S,08/09/1990 00:00,ANTIGUA & BARBUDA,1890,8919221
ANDROS,AND,FUEL BARGE,202362,90.22,15.6,6.01,3212,1294,LIMASSOL,01/02/2020 00:00,CYPRUS,4605,9371347
ANNASTAR,ANNA,MISCELLANEOUS,78322,49.94,9.3,2.32,492,147,GEORGE TOWN,03/01/0012 00:00,CAYMAN ISLANDS,107,9620190
ANNE,ANNE,FREIGHTER,28813,139.14,22.6,8.8,9981,4900,MADEIRA,01/01/2006 00:00,PORTUGAL,11808,9347803
ANNEMIEKE,ANN,FREIGHTER,563504,151.63,20.4,6.5,8388,,,,,,9147681
ANSAC PRIDE,ANSAC,FREIGHTER,20162,177.85,28.66,10.87,22863,12519,HONG KONG,01/01/2013 00:00,,37094,9619737
ANTJE,TJE,FREIGHTER,563504,130.24,16.49,7,7138,2266,SAINT JOHN'S,25/10/2010 00:00,,7984,9570620
ANTWERP TRADER,ANT,FREIGHTER,28813,211.85,,11,27059,12221,VALLETA,,MALTA,34444,9304746
AQASIA,AQA,FREIGHTER,423437,85.16,13,5,2141,969,VALRTTA,01/06/2011 00:00,MALTESE,2845,9556753
ARCTIC PRIDE II,ARCT,MISCELLANEOUS,78322,46.43,8.69,2.17,475,142,BIKINI,01/01/2020 00:00,MARSHALL ISLANDS,58,9860776
ARCTIC ROCK,ARC,FREIGHTER,563504,92.2,15,5,2989,896,URK,01/04/2014 00:00,NETHERLANDS,3285,9650901
ARIES J,ARI,FREIGHTER,28813,151.72,23,8,10585,5372,LIMASSOL,,CYPRUS,12892,9514767
ARION,ARIO,TUG,COMDCK,30.38,8,4,257,,,01/01/1978 00:00,GERMANY,144,7726902
ARMORIQUE,ARM,FERRY,20212,167,32,6,29468,11605,MORLAIX,01/01/2009 00:00,FRENCH,4200,9364980
ARROW,ARR,FERRY,163081,122.32,19,6,7606,2282,DOUGLES,01/01/2013 00:00,ISLE OF MANN,5656,9119414
ARTANIA,ART,CRUISE,423437,231,32,7,44656,19772,HAMILTON,01/05/2011 00:00,BERMUDA,4661,8201480
ARTEMIS,TEM,TUG,507300,67.83,16,6,1989,596,LIMASSOL,01/09/1989 00:00,CYPRUS,2330,8321591
ARUBABORG,ARU,FREIGHTER,563504,143,21.53,9.69,11864,5650,DELFZIJL,,NETHERLANDS,17407,
AS FATIMA,ASF,FREIGHTER,28813,166.15,25,9,15334,5983,MONROVIA,01/04/2015 00:00,LIBERIA,18343,9437191
AS FLORETTA,FLO,FREIGHTER,423437,166.15,25,9,15375,5983,MADEIRA,26/12/2006 00:00,PORTUGAL,18278,9395056
AS PALINA,PAL,FREIGHTER,28813,210.05,30,11.5,26833,12743,MONROVIA,21/01/2004 00:00,,34567,9283693
ASNE,ASN,FUEL BARGE,121266,40,14,1,99,99,,,,99,
ASTOR,AST,CRUISE,20162,176.2,22,6,20606,7637,NASSAU,01/01/1987 00:00,GERMAN,,8506373
ASTORIA,ASTORIA,CRUISE,20162,160.08,21,9,16144,5931,MADEIRA,,,2020,5383304
ASTREA,TRE,MISCELLANEOUS,507300,71.33,17,6,2590,777,PIRAEUS,01/01/1987 00:00,GREECE,3200,8520771
ASTRID ERIKA,ASTR,FREIGHTER,563504,89.99,14.18,6.1,2999,1639,FLEKKEFJORD,01/01/2005 00:00,NORWAY,4933,9291731
ATALANTI,ATA,MISCELLANEOUS,507300,96.99,31,4,5897,1769,LIMASSOL,06/10/2008 00:00,CYPRUS,5613,8661616
ATLANTIC ACANTHUS,ATLA,FREIGHTER,28813,144.53,21,9,9649,5349,NASSAU,,,11793,9189897
ATLANTIC ERICA,ATLE,FREIGHTER,20195,144.5,21,9,9649,5349,PANAMA,,PANAMA,11791,9194476
ATLANTIC KLIPPER,ATLANKLIP,FREIGHTER,28813,165,25,10,14091,7603,SCHEVENIMGEN,01/01/2011 00:00,DUTCH,15692,9454761
ATLANTIC REEFER,ATLR,FREIGHTER,28813,175.7,,9,14505,7580,MONROVIA,,LIBERIA,17322,9179256
AURA,AURA,FREIGHTER,563504,101.8,18.83,4.9,3259,978,TURKU,01/01/2008 00:00,FINLAND,4965,9395276
AURORA,AURORA,CRUISE,645902,270,33.6,8.4,76152,40.04,HAMILTON,01/01/2000 00:00,BERMUDA,8.49,9169524
AVON,AVO,TUG,542928,26,8,2,999,999,UK,,UK,999,
AZAMARA JOURNEY,AZAMARA JOURNEY,CRUISE,20162,181,,,30277,,,,,,
AZAMARA QUEST,AZAMARA QUEST,CRUISE,20162,181,,,30277,,,,,,
BAIE DE SEINE,BDS,FERRY,20212,199.4,25,6,22382,8064,,,FRENCE,5625,9212163
BAILEY SENTINEL,BASE,MISCELLANEOUS,202362,61.98,15.5,4.6,2173,651,ABERDEEN,,UNITED KINGDOM,1487,9761425
BAKER TRAYTE 1,BAK1,MISCELLANEOUS,121266,99,99,99,99,99,,,,99,
BALMORAL,BALMORAL,CRUISE,20162,218.91,,,43537,,NASSAU,,BAHAMAS,,8506294
BALMORAL (SS),BAL,STEAMBOAT,516508,62,9,3,734,309,BRISTOL,,BRITISH,,5034927
BALTIC,TIC,FREIGHTER,202362,92.2,15,4,2957,,,01/01/2017 00:00,NETHERLANDS,3264,9763784
BALTIC HEATHER,BALH,FREIGHTER,20195,149,22,8,9859,5124,MONROVIA,11/03/1998 00:00,LIBERIA,10114,9181144
BALTIC KLIPPER,BALTCKLIP,FREIGHTER,28813,165,25,10,14091,7238,MONROVIA,01/01/2010 00:00,LIBERIAN,156609,9454759
BALTIC LORD,BALO,FREIGHTER,28813,155.2,23.4,9.5,11443,6336,ST VINCENT & THE GRENADINES,,,12912,9160274
BALTIC MERCURY,BALM,FREIGHTER,20195,145.5,22,9,10298,4653,KINGSTOWN,01/10/2012 00:00,ST VINCENT,11067,8616312
BALTIC PERFORMER,BALP,FREIGHTER,20195,150.01,22,9,10381,5253,MONROVIA,,LIBERIA,10603,9016674
BALTIC PILGRIM,BPIL,FREIGHTER,20195,150.01,22,9,10381,5253,MONROVIA,,LIBERIA,10621,9016662
BALTIC PIONEER,BPIO,FREIGHTER,20195,150.01,22,9,10374,5253,MONROVIA,01/11/2013 00:00,LIBERIA,10532,9070137
BALTIC SPIRIT,BALSP,FREIGHTER,28813,188.6,26,9.72,17421,8092,NASSAU,01/11/2018 00:00,BAHAMAS,16580,9765873
BALTIC SPRING,BALS,FREIGHTER,20195,156.89,23,9,10842,6381,MONROVIA,,LIBERIA,12942,8909070
BALTIC SUMMER,BSUM   ,FREIGHTER,20195,156.88,23,9,10842,6381,MONROVIA,01/09/2013 00:00,LIBERIA,12942,8802090
BARFLEUR,BARF,FERRY,20212,157.65,23,8,20133,0,CHERBOURG,,FRENCE,0,9007130
BARGE,BAR,MISCELLANEOUS,COMDCK,25,9,,30,,,,,,
BARRINGTON ISLAND,BARRI,FREIGHTER,28813,178.5,25.24,9.2,14061,6900,NASSAU,01/09/1993 00:00,BAHAMAS,14140,9059614
BAVENIT,BAV,DREDGER,202362,88.17,17,5,3575,1073,MURMANSK,,RUSSIA,2289,8406573
BAY PHOENIX,BAYP,FREIGHTER,28813,134.02,20,7,7326,4810,MONROVIA,18/06/1993 00:00,,8041,9047271
BBC ALBERTA,BBCAL,FREIGHTER,563504,138,21,8,9611,4260,MONROVIA,,LIBERIA,12655,
BBC BAHRAIN,BBCB,FREIGHTER,563504,128.45,16,7,6309,2841,SAINT JOHN'S,01/01/2012 00:00,GERMAN,7967,9578751
BBC BELEM,BBCBEL,FREIGHTER,563504,128.97,16,7,6310,2841,ST JOHNS,11/09/2010 00:00,GERMAN,8129,9501655
BBC BERGEN,BBCBER,FREIGHTER,563504,128.45,16,7,6310,,SAINT JOHN'S,,ANTIGUA & BARBUDA,8000,9437153
BBC EAGLE,BBC EAGLE,FREIGHTER,563504,139,20,7.72,8750,,SAINT JOHNS,01/01/2008 00:00,ANTIGUA BARBUDA,10340,9407574
BBC EDGE,BBC EDGE,FREIGHTER,563504,139.03,,7.7,8.75,,,,,10.38,
BBC KANSAS,BBCKAN,FREIGHTER,202362,138.02,21,8,9611,4260,SAINT JOHNS,01/06/2006 00:00,GERMAN,12730,9349291
BBC LISBON,BBC LIS,FREIGHTER,563504,130.18,,7,7.14,2.27,ANTIGUA AND BARBUDA,01/01/2011 00:00,,7.84,9513634
BBC LIVORNO,BBCLIVORN,FREIGHTER,563504,130.22,16,7,7138,3412,"ST JOHNS, ANTIGUA AND BARBUDA",01/06/2012 00:00,ANTIGUAN,7933,9570670
BEAUMARE,MARE,FREIGHTER,20162,88.6,12520,5.4,2545,1460,ROTTERDAM,01/02/2016 00:00,NETHERLANDS,3850,9401245
BELLA VITA,BELA,MISCELLANEOUS,78322,60,11.41,3.5,1218,365,GEORGE TOWN ,01/07/2010 00:00,CAYMAN ISLANDS,189,1010337
BELLINGSHAUSEN,BELL,FREIGHTER,507300,87.98,12.8,5.51,2452,1369,ST JOHNS,01/01/2003 00:00,ANTIGUA & BARBUDA,3672,9197399
BENGUELA STREAM,BEN,FREIGHTER,28813,150,22,9,9298,4998,GRONINGEN,,NETHERLANDS,11016,9158549
BERLIN,BER,CRUISE,20162,139.3,17,4,9570,3542,VALLETA,01/12/1980 00:00,,1796,7904889
BERTH RESERVED,RESERVED,MISCELLANEOUS,20162,1,,,1,,,,,,
BF FORTALEZA,BFFO,FREIGHTER,644009,121.85,18.45,6.68,6362,3998,LIMASSOL,06/08/1996 00:00,CYPRUS,7202,9130432
BG IRELAND,BG IRE,FREIGHTER,20162,139.6,22.39,7.36,8.246,4,LIMASSOL,01/01/2007 00:00,CYPRUS,11.18,9355446
BIG EAGLE,BIG,MISCELLANEOUS,CASH,52,9,3,339,119,KINGSTON,20/06/1980 00:00,USE,0,7916430
BIG RON,BRON,MISC BARGE,29368,20,9,1.5,135,75,LONDON,01/03/2020 00:00,UNITED KINGDOM,,8891053
BIRGIT,BIRG,FREIGHTER,507300,116.08,15.9,6.39,4723,2493,SAINT JOHNS,01/01/2008 00:00,ANTIGUA & BARBUDA,7560,9433341
BIRGIT G,BRGG,FREIGHTER,507300,88.6,12.69,5.41,2545,1460,SAINT JOHNS,01/01/2010 00:00,ANTIGUA & BARBUDA,3850,9536064
BKM103,BKM,DREDGER,20193,26.5,11,2,182,0,,,,226,9190341
BLACK WATCH,BLA,CRUISE,20162,205.47,25,7,28163,11854,NASSAU,01/01/1972 00:00,BAHAMAS,5656,8000293
BLADE RUNNER 2,BRUN2,FREIGHTER,57668,75,0,0,999,999,UK,,,0,9287754
BOA NJORD,BOA,TUG,184979,32,11,5,490,147,VALLETTA,01/01/2009 00:00,,0,9551911
BOLDWIND,BOLDWIND,FREIGHTER,563504,148.45,28.042,5.6,8604,2582,MADEIRA,01/05/2020 00:00,PORTUGAL,10,9870018
BOLETTE,BOL,CRUISE,563504,237,32.28,8.12,62735,31639,NASSAU,01/01/2000 00:00,BAHAMAS,7327,9188037
BOMAR CAEN,BOM,FREIGHTER,28813,210.06,30,11,26836,12743,MADEIRA,17/10/2004 00:00,PORTUGAL (MAR),34289,9301433
BOREALIS,BOREALIS,CRUISE,20162,237.7,,,61849,,BAHAMAS,01/01/1997 00:00,,,9122552
BORNHOLM,ORN,FREIGHTER,563504,87.95,11,4.2,1945,1039,LATVIA,16/04/2006 00:00,GERMANY,2443,9350460
BORROWDALE H,BOR,FUEL BARGE,20104,50.6,6,3,356,170,HULL,01/01/1972 00:00,UK,0,7228479
BOUDICCA,BOU,CRUISE,20162,207,2502,7,28372,11649,NASSAU,01/06/1973 00:00,BAHAMAS,5291,7218395
BOYNE,BOYN,MISCELLANEOUS,563504,105.5,99,6.29,8082,,VALLETTA,01/06/2020 00:00,MALTA,,9369928
BRAEMAR,BRA,CRUISE,157352,195.82,22,5,24344,8103,UK,21/06/1993 00:00,UK,2978,9000699
BRAVEWIND,BRAVEWIND,FREIGHTER,563504,149,28,,8604,,MADEIRA,,PORTUGAL,10000,9886330
BRAZILIAN REEFER,BREEF,FREIGHTER,20195,144.6,23,10,12383,7978,NASSAU,14/10/1983 00:00,,14786,8300377
BREMAN,BRE,CRUISE,20162,111.51,17,4,6752,2073,NASSAU,,BAHAMAS,1226,8907424
BREMEN,BREMEN,FREIGHTER,507300,89.88,12.9,5.65,2.59,1.39,LIMASSOL,01/01/2012 00:00,CYPRUS,3.81,9617301
BRETAGNE,BR,FERRY,20212,151.2,29,6,24534,13242,MORLAIX,26/01/1993 00:00,FRENCH,0,8707329
BRILLIANCE OF THE SEAS,BRILLANCE OF THE SEAS,CRUISE,20162,292,,,90090,,,,,,
BRILLIANT LADY,BRILLIANT LADY,CRUISE,20162,278,,,110000,,,,,,
BRITANNIA BEAVER,BRITBEAVR,FREIGHTER,407737,99.95,17.71,6.24,3610,1038,LONDON,01/01/1991 00:00,UNITED KINGDOM,5786,9001667
BSL CAPE TOWN,BSL,FREIGHTER,28813,210.03,30.23,11.5,26,12,MONROVIA,28/03/2019 00:00,LIBERIA,34,9275048
BUCENTAUR ,BUC,MISCELLANEOUS,202362,77.35,16,5,2,830,NASSAU,25/10/1982 00:00,,2,8112548
BUSTLER,BUS,TUG,41412,39.99,99,99,99,99,,,,99,7902336
BUXTEHUDE,BUX,FREIGHTER,644009,134.4,22.5,8.71,9962,6006,ST JOHNS,01/07/2006 00:00,,11431,9354339
BYSTANDER,BYS,MISCELLANEOUS,CASH,42.18,9,2,561,168,GEORGE TOWN,01/01/2001 00:00,UK,99,1008736
CADENA 4,CAD4,FREIGHTER,20195,155,22.7,7.1,12433,3730,OSLO,,NORWAY,9235,9132002
CALEDONIAN SKY,CSKY,CRUISE,20162,90.6,15,3,4200,1263,BAHAMAS,24/03/1990 00:00,,645,8802870
CAP BEATRICE,CAP,FREIGHTER,28813,210.07,30,11,12743,26833,LIBERIA,,MONROVIA,34317,9275062
CAP FINISTERE,CF,FERRY,20212,203.9,25,6,30285,10703,MORILAX,16/02/2010 00:00,FRENCH,5990,9198927
CAP ROCA,ROC,FREIGHTER,28813,225.09,31,12.2,32984,13452,LIBERIA,07/06/2012 00:00,,34700,9399789
CAPALL MARA,CAPALMARA,DREDGER,202362,39.6,14,2.5,496,,,,,992,
CARIBBEAN STAR,CARIBSTAR,FREIGHTER,28813,184.8,24,9,15058,7480,MONROVIA,,LIBERIA,14726,9150810
CAROLINA,CAROLINA,FREIGHTER,507300,82.5,12.58,5.34,2.409,993,SPIJK,,NETHERLANDS,3.7,9382748
CAUSEWAY,CAU,DREDGER,20193,92.1,19,6,4320,1296,,,,5950,9653197
CELINA,CELINA,FREIGHTER,507300,104.4,16.38,6.76,4.073,2.16,SAINT JOHNS,01/01/2001 00:00,ANTIGUA AND BARBUDA ,6.18,9019200
CELTIC,CELT,FREIGHTER,563504,108.25,14,5.52,3636,1090,URK,01/01/2021 00:00,NETHERLANDS,4514,9917672
CELTIC FORTUNE,CELFOR,FREIGHTER,507300,88.99,14,6.18,2999,1639,CARDIFF,01/12/2020 00:00,UK,5.63,9353711
CHANGUINOLA BAY,CHAN,FREIGHTER,28813,141,20,8,8487,3897,NASSAU,09/09/1988 00:00,,9727,8801814
CHANNEL CHIEFTAIN VI,CHA,MISCELLANEOUS,507300,19,7.3,2,40,,WEYMOUTH,,UK,,
CHARLES ISLAND,CHAR,FREIGHTER,28813,178.5,25,9,14061,6900,NASSAU,,BAHAMAS,14140,9059626
CHILE STAR,CHI,FREIGHTER,28813,150.35,22,9,10629,4253,MONROVIA,01/08/1993 00:00,LIBERIA,10582,9017276
CLARITY,CLAR,FREIGHTER,507300,88.6,12.51,5.42,2545,1460,PEEL,01/07/2022 00:00,UNITED KINGDOM,3796,9370305
CLIFFWATER,CLIF,FUEL BARGE,202362,91.29,12,5,2144,920,PAPEMDRECHT,,NETHERLANDS,3701,9229532
CMA CGM AGADIR,CMAAGA,FREIGHTER,28813,139.1,22,8,9981,4900,ANTIGUA,04/09/2008 00:00,,11500,9362956
CMA CGM ARISTOTE,CMAARIS,FREIGHTER,28813,171,27,9,17594,7181,LONDON,01/07/2007 00:00,UNITED KINGDOM,21267,9360154
CMA CGM HERODOTE,CMAHER,FREIGHTER,28813,171,27,9,17594,7171,LONDON,01/03/2007 00:00,UNITED KINGDOM,18860,9360142
CMA CGM HOMERE,CMAHOM,FREIGHTER,28813,170,27,9,17594,7181,LONDON,23/03/2007 00:00,UNITED KINGDOM,21264,9362322
CMA CGM MEKNES,CMAMEK,FREIGHTER,28813,138.13,22,8,9996,4900,SAINT JOHNS,,ANTIGUA,11775,9435820
CMA CGM PLATON,CMAPLAT,FREIGHTER,28813,171,27,9,17594,7181,LONDON,01/10/2007 00:00,UNITED KINGODM,19430,9362437
CMS WARRIOR,CMS,TUG,566408,22.73,10,4,161,,,,,,9765184
COE MINA,COEM,FREIGHTER,563504,87.99,11.54,5.24,2064,1074,LIMASSOL,01/01/1985 00:00,CYPRUS,3357,8509820
COLD STREAM,COLD,FREIGHTER,28813,140,22,9.3,8414,4542,WILLEMSTAD,,,10086,
COLOMBIAN STAR,COLOMSTAR,FREIGHTER,28813,184.8,24,9,15292,7414,MONROVIA,,LIBERIA,15000,9172480
COLUMBUS,COL,CRUISE,28813,247,32,8.2,63500,,,,,,
COLUMBUS 2,COL2,CRUISE,20162,181,25,5,30277,11481,MAJURO,24/01/1998 00:00,MARSHALL ISL,2700,9156462
COMMODORE CLIPPER,CCL,FERRY,163081,129.14,23,5,14000,4201,,,,,9201750
COMMODORE GOODWILL,CGO,FERRY,163081,126.4,21,6,11166,3350,NASSAU,01/01/1996 00:00,BAHAMAS,,9117985
COMOROS STREAM,COMO STRM,FREIGHTER,28813,155,24,10,11382,6408,PANAMA,,PANAMA,12906,9167801
COMPASS,COMP,TUG,20195,33.7,10,4,451,135,WILLEMSTAD,27/09/2012 00:00,NETHERLAND,,9534078
CONDOR ISLANDER,CISL,FERRY,163081,125,,,13906,,,,,,
CONDOR LIBERATION,CON LIB,FERRY,163081,102,28,,6307,,NASSAU,01/01/2010 00:00,,680,9551363
CONDOR RAPIDE,CRAPIDE,FERRY,163081,87.9,,,5005,,NASSAU,,,,9161560
CONDOR VOYAGER,CONV,WAVE PIERCING CRAFT,163081,97.22,26,3,6581,2514,,,,750,9221358
CONFORMITY       ,CONY,FREIGHTER,507300,88.6,12.158,5.3,2545,1460,PEEL,01/07/2021 00:00,UNITED KINGDOM,3859,9370288
CONMAR AVENUE,CONM,FREIGHTER,28813,151.72,23,8,10585,5372,SAINT JOHNS,16/05/2012 00:00,GERMAN,12878,9483358
CONMAR GULF,CNGF,FREIGHTER,644009,129.56,20.6,7.4,7545,3165,MADEIRA,,PORTUGAL,8146,9341964
CONMAR ISLAND,CONISL,FREIGHTER,28813,138.15,21,7,8032,3615,LIMASSOL,31/12/2012 00:00,CYPRUS,10408,9360996
CONNEMARA,CONN,FERRY,20212,186.63,25.6,6.15,27414,,LIMMASOL,,FRENCH,,9349760
CONSTANCE,CONST,MISCELLANEOUS,CASH,44,8,2,418,125,THE CREEK - CAYMAN ISLANDS,01/04/1986 00:00,,,1003176
CONSTANCE.,CONSTA,FREIGHTER,,86,12.4,5.3,2415,1036,GIBRALTAR,01/01/2011 00:00,GIBRALTAR,3196,9505338
CONTAINERSHIPS NORD,SNOR,FREIGHTER,28813,169.95,26.9,9.6,17982,9861,NICOSIA,12/12/2018 00:00,CYPRUS,27272,9813993
CONTENDER,CONTD,DREDGER,480211,87.85,,4,2520,756,BEVERWIJK,26/06/1998 00:00,NETHERLANDS,3155,9184665
CONTI SALOME,CONSAL,FREIGHTER,28813,204.42,28,15,22801,11010,MONROVIA,01/04/2007 00:00,LIBERIA,30573,9357080
CORALWATER,CORAL,MISCELLANEOUS,20195,93.44,10,4,1895,881,PAPENDRECHT,,NETHERLANDS,3347,9004164
CORINTHIAN,CORIN,CRUISE,20162,88.32,15,8,4077,1223,VALLETTA,01/05/2011 00:00,MALTA,2420,8708672
CORONA J,CORJ,FREIGHTER,28813,161.1,25,9,16129,6440,SAINT JOHNS,01/06/2006 00:00,ANTIGUA&BARBUDA,16794,9238686
COSTA LA LUZ,COSTA LA LUZ,DREDGER,202362,94,,,3529,,,,,4907,9145217
COSTA RICAN STAR,CR STAR,FREIGHTER,28813,184.8,24,9,15058,7480,MONROVIA,,LIBERIA,14726,9150822
COTE D'ALBATRE,COTE DAL,FERRY,COMDCK,142.45,24,5,18940,5527,DIEPPE,,FRANCE,3608,9320128
COTE DIVOIRIAN STAR,COTEDSTAR,FREIGHTER,28813,184.8,24,9,15292,7414,MONROVIA,,LIBERIA,15000,9172478
COTENTIN,COTENTIN,FERRY,20212,165,26,6,19909,5972,CHERBOURG,04/12/2007 00:00,FRENCH,6200,9364978
COUTANCES,COUT,FERRY,20212,125.53,17,4,6507,1626,LE HARVE,01/03/1978 00:00,FRANCE,1779,7528477
CROWN EMERALD,CEMER,FREIGHTER,20195,151.99,23,8,10519,5406,SINGAPORE,22/12/1995 00:00,SINGAPORE,10351,9128037
CROWN EMMA,CEMMA,FREIGHTER,20195,152,,8,10519,5406,BRIDGETOWN,01/09/2014 00:00,BARBADOS,10351,9128307
CROWN GARNET,CGARNET,FREIGHTER,28813,151.99,23,7,10519,5406,PANAMA,,PANAMA,10322,9128049
CROWN JADE,CJADE,FREIGHTER,20195,151.99,23,8,10519,5406,PANAMA,01/01/2006 00:00,PANAMA,10342,9128051
CROWN OPAL,COPAL,FREIGHTER,20195,151.9,23,8,10519,5406,PANAMA,01/01/2006 00:00,PANAMA,10316,9128063
CROWN RUBY,CRUBY,FREIGHTER,20195,151.99,23,8,10519,5406,PANAMA,01/01/1997 00:00,PANAMA,10338,9159103
CROWN SAPPHIRE,CSAP,FREIGHTER,20195,151.99,23,8,10519,5406,PANAMA,01/01/1997 00:00,,10334,9159115
CROWN TOPAZ,CTOP,FREIGHTER,20195,151.99,23,8,10527,5406,PANAMA,,PANAMA,10318,9191498
CRYSTAL ENDEAVOR,CRYEND,CRUISE,20195,183,,,25000,,,,,,
CRYSTAL SERENITY,CRYSTAL SERENITY,CRUISE,110214,250,,,68870,,,,,,
CRYSTAL SYMPHONY,CRSY,CRUISE,20162,238.01,30,8,51044,20201,NASSUA,07/08/1994 00:00,,4500,9066667
CS QUALITY,CSQ,FREIGHTER,28813,162.5,26,9,14030,6724,SINGAPORE,01/03/2007 00:00,SINGAPORE,13193,9438494
CS SERVICE,CS SERV,FREIGHTER,28813,162.5,26,9.72,14030,6724,SINGAPORE,15/01/2008 00:00,SINGAPORE,13207,9438482
CS STRATOS,CS STRATO,FREIGHTER,28813,162.5,26,9,14030,6724,PANAMA,01/01/2007 00:00,PANAMA,13186,9350991
CWIND VOYAGER,CWV,MISCELLANEOUS,28813,26.5,9.1,1.38,125,0,,,,0,
DANIEL,DAN,FREIGHTER,28813,134.44,2250,871,9990,6006,SAINT JOHNS,01/01/2006 00:00,,11208,9326988
DELFIN,DELF,FREIGHTER,507300,89.25,13.3,5.6,2780,,LATVIA,,,3789,9173161
DELIA,DELIA,FREIGHTER,507300,89.7,11.65,4.48,1846,1081,ST JOHNS,,ANTIGUA & BARBUDA,2500,9234317
DELPHIN,DELPN,CRUISE,20195,156.27,22,6,16214,,VALLETTA,01/01/1975 00:00,MALTA,,7347536
DELTA-D,DEL,FREIGHTER,635040,98.33,17.66,6.28,3498,,SAS VAN GENT ,,NETHERLANDS ,,8803783
DEO GLORIA,DEO,DREDGER,20193,72,14,3,1512,453,GOES,01/10/2016 00:00,NETHERLAND,2100,7711074
DEO VOLENTE,DEO VOLEN,FREIGHTER,20162,104.69,15.6,5.82,2981,1198,URK,02/01/2007 00:00,NETHERLANDS,3750,9391658
DEUTSCHLAND,DEUT,CRUISE,20162,175.3,23,5,22496,8264,KIEL,01/05/1998 00:00,GERMAN,3460,9141807
DINA TRADER,DINA,FREIGHTER,28813,134.44,22,8,9981,6006,GIBRALTAR,01/11/2007 00:00,,11287,9354442
DOCKMAN,DOCK,TUG,464225,20,,2,99,99,,,,,
DP LEGACY,DPLEG,FREIGHTER,28813,140.55,23,8,10965,4714,VALLETA,22/10/2006 00:00,GERMAN,12611,9349174
DUKE OF NORMANDY,DON,TUG,202362,26,9,2.7,212,,JERSEY,01/01/2005 00:00,JERSEY,200,9348429
DUMB BARGE,DUMB,MISC BARGE,20191,54,,1,20,,PORTSMOUTH,,UNITEDKINGDOM,,
DUNCAN ISLAND,DUN,FREIGHTER,28813,178.5,25.24,9.2,14061,6900,NASSAU,,BAHAMAS,14140,
DURBAN STAR,DURB,FREIGHTER,28813,150.35,,,10614,5017,NASSUA,20/10/1992 00:00,,10629,9019121
DUTCH PEARL,D PEARL ,TUG,507300,31.1,9.66,2.6,254,,ZIERIKZEE,01/05/2015 00:00,NETHERLANDS ,,9547881
EASTERN BAY,EBAY,FREIGHTER,20195,143,22,8,8917,4366,MONROVIA,,LIBERIA,9662,9143752
EDDA FONN,EDD,MISCELLANEOUS,202362,84.7,18,6,4505,,,,,2800,9273662
EDT JANE,EDTJ,FREIGHTER,202362,88.8,19,6,4953,1489,,,,4577,9491410
EEMS DUNDEE,EEMD,FREIGHTER,563504,107.95,16.1,6.45,5198,1997,DELFZIJL,01/01/2013 00:00,NETHERLANDS,6555,9658109
EEMS ROVER ,EEMS ROVER ,FREIGHTER,507300,89.95,15.25,5.64,2992,,DELFZIJL,01/06/2021 00:00,NETHERLANDS ,,9529190
EEMS SKY,ESKY,FREIGHTER,563504,87.27,11.45,4.26,1862,920,DELFZIJL,01/06/2022 00:00,NETHERLANDS,2600,9421647
EEMS TRANSPORTER ,EEMS TRANS,FREIGHTER,563504,89.99,13.83,4.35,2186,,DELFZIJL,,NETHERLANDS ,,9340300
EEMS TRAVELLER,EEMS,FREIGHTER,1824442,90.6,13.75,4.35,2137,1164,DELFZIJL,,NETHERLANDS,2850,9218234
EEMSLIFT NELLI,EEM,FREIGHTER,563504,111.6,17.1,5.9,5460,1638,DELFZIJI,,NETHERLANDS,4200,
EGS PIONEER,EPION,MISCELLANEOUS,28813,25,7,3,99,99,,,,99,7382926
EL TORO,ELTOR,FREIGHTER,28813,147.81,23,8,9957,5020,HONG KONG,01/10/2011 00:00,HONG KONG,13633,9330264
ELBBLUE,ELBB,FREIGHTER,644009,151.72,23.4,8,10585,,LIMASSOL,,,13200,9504059
ELBSKY,ELBS,FREIGHTER,644009,157.7,23,,11550,5839,,,ANTIGUA & BARBUDA,14800,9412531
ELBSTROM,ELB,FREIGHTER,20162,139.6,22.2,7,8273,,MADEIRA,01/01/2008 00:00,PORTUGAL,11051,9369007
ELENORA,ELE,FREIGHTER,507300,85.6,13.03,5.71,2469,1272,MADEIRA,,,4023,9184421
ELISABETH S,ELISBETHS,FREIGHTER,COMDCK,88.62,12.6,5.3,1905,,,,,2665,
ELKE W,ELK,FREIGHTER,507300,82.5,12.58,5.35,2409,993,HAMBURG,06/10/2005 00:00,GERMAN,3692,9279070
ELLENSBORG,ELL,FREIGHTER,563504,138.5,21,8,9627,4261,PANAMA,17/10/2011 00:00,PANAMA,12731,9488061
ELSBORG,ELSO,FREIGHTER,507300,88.97,11.8,5.4,2281,1229,DELFZIJL,01/01/2010 00:00,NETHERLANDS,3609,9411771
ELSEBETH,EBETH,FREIGHTER,28813,151.99,23,6,10519,5406,PANAMA,,PANAMANIAN,10327,9175901
ELVIRA,EVIRA,FREIGHTER,28813,151.99,23,6,10532,5406,PANAMA,01/01/2000 00:00,PANAMA,10309,9202869
EM SPETSES,ESPET,FREIGHTER,28813,175.49,24,10,18321,10392,MONROVIA,,LIBERIA,23579,9403413
EMERALD,EMERALD,FREIGHTER,28813,151.99,23,8,10532,5406,PANAMA,01/01/2000 00:00,PANAMA,10346,9202857
EMERALD ETERNITY,EME,FREIGHTER,563504,199.9,32.26,13.52,36106,21206,,01/01/2021 00:00,MARSHALL ISLANDS,63591,9875630
EMERALD WATER OCEAN,EMERALDWO,CRUISE,563504,1,,,1,,,,,,
EMMA JANNEKE,MJAN,FREIGHTER,,115.48,16.5,5.7,5232,2382,GIBRALTAR,17/11/2005 00:00,GIBRALTAR,6399,9363508
EMSTAL,EMSTA,FREIGHTER,507300,87.9,12.9,5.49,2461,1369,MADEIRA,01/01/2007 00:00,PORTUGAL,3700,9356878
EMUNA,EMU,FREIGHTER,507300,89.95,15.33,5.63,2.99,1.65,WERKENDAM,01/01/2009 00:00,NETHERLANDS,4.5,9529188
EN AVANT 9,ENAV9,TUG,20162,22.5,7,3,134,,,,,180,9163910
ENA FRONTIER,ENA FRO,MISCELLANEOUS,20162,83.18,22.02,7.1,5418,,SINGAPORE,,SINGAPORE,,9427055
ENAK,ENAK,MISCELLANEOUS,COMDCK,55.25,25,3,1707,510,HAMBURG,01/03/1967 00:00,GERMAN,,6826858
ENGLISHMAN,ENGL,TUG,934842,24.4,9.15,3,248,97,HULL,01/11/2015 00:00,UNITED KINGDOM,97,9706023
ERASMUSGRACHT,ERGHT,FREIGHTER,20246,136.35,,8,8448,4651,AMSTERDAM,,NETHERLANDS,12754,9081368
ESMERALDA,ESDA,FREIGHTER,28813,151.99,23,8,10532,5406,PANAMA,,PANAMA,10358,9181170
ETRETAT,ET,FERRY,20212,186.4,25,6,26904,,,,,,9420423
EUROPA,EUR,CRUISE,20162,198.6,24,6.3,28890,9205,VALLETTA,01/07/2020 00:00,MALTA,2557,9183855
EUROPA 2,EUR2,CRUISE,20162,225.6,26,6,42830,,VALLETTA,,MALTA,5285,9616230
EUROSUND,ESUND,TUG,COMDCK,35.74,10,4,422,126,SVENDBORG,01/02/1979 00:00,DENMARK,246,7719698
EVEREST BAY,EVBAY,FREIGHTER,28813,141,20,8,8739,4085,MONROVIA,,,9692,8911073
EXPANSA,EPAN,FREIGHTER,28813,140.67,,6,9983,,SAINT JOHNS,,ANT&BARBUDA,12306,9429261
EXPEDITION,EXPN,CRUISE,20162,105.23,18,4,6334,1900,MONROVIA,,LIBERIA,965,7211074
EXPLORA I,EXPLORA I,CRUISE,20162,244,,,63900,,,,,,
EXTERNO,EXTNO,FREIGHTER,28813,140.66,23,8,9983,,SAINT JOHNS,05/12/2010 00:00,NETHERLANDS,12306,9429273
FAGELGRACHT,FAG,FREIGHTER,20246,137,18,8,8620,4398,AMSTERDAM,07/06/2009 00:00,DUTCH,12500,9428425
FARRA AOIFE,FARAA,MISCELLANEOUS,563504,26.4,9,1.72,105,105,JERSEY,,JERSEY,50,232040984
FAST HERMAN,FASH,FREIGHTER,563504,82.5,12.6,5.3,2474,1464,ANTWERP,01/01/2016 00:00,BELGIUM,3480,9345362
FAST JEF ,FAJE,FREIGHTER,563504,87.95,12.53,4.64,2066,,ANTWERP,,BELGIUM ,,9136101
FAST SAM,FAS,FREIGHTER,563504,89.99,12.5,4.54,1983,1061,ANTWERP,22/10/1993 00:00,BELGIUM,3204,9085455
FEGULUS,FEG,FREIGHTER,28813,150.1,,9,10374,5253,BARBADOS,,,10545,9055709
FILIA NETTIE,FIL,FREIGHTER,563504,89.95,13.75,4.35,2199,1161,WERKENDAM,18/04/2018 00:00,NETHERLANDS,2950,9488827
FLATHOLME,FLA,DREDGER,508011,24,8,2,0,0,,,,0,235014266
FLYING SPINDRIFT,FLY,TUG,57668,30.66,9,3,259,0,GLASGOW,01/01/1990 00:00,UK,0,
FOKKO UKENA ,FOKKO,FREIGHTER,20162,88.63,12.5,5.14,2451,,SAINT JOHN'S,,ANTIGUA & BARBUDA ,,9375812
FORCE INDIA,FOR,MISCELLANEOUS,20246,49.9,9,1,488,146,VALLETTA,01/03/2010 00:00,MALTA,0,9459541
FORCEFUL,FFUL,TUG,20191,15,4,2,99,99,,,,99,
FOREVER ONE,FORE,MISCELLANEOUS,20246,54.65,10,3,875,,CAYMAN ISLANDS,01/01/2018 00:00,,,9658721
FORTH JOUSTER,FORJ,MISC BARGE,COMDCK,26,11.5,2.35,255,76,LEITH,01/02/2008 00:00,UK,300,9513828
FRAM,FRA,CRUISE,20162,113.86,26,5,11647,3818,NARVIK,01/01/2007 00:00,NORWAY,984,9370018
FRANK BONEFAAS,BON,MISCELLANEOUS,20195,119.65,17.72,7.16,6.56,2.56,HULL,05/01/0094 00:00,UNITED KINGDOM,6.01,9074951
FRANKLIN,FLIN,MISCELLANEOUS,202362,55.61,11,3,1178,353,GOTHENBURG,21/10/1984 00:00,SWEDISH,1218,8301797
FRAUKE,FRU,FREIGHTER,563504,159.8,24,9.08,12,,SAINT JOHN'S,01/01/2008 00:00,ANTIGUA AND BARMUDA,12,9376488
FREEWAY,FWAY,DREDGER,20193,92.1,19,5,4320,1296,LIMASSOL,01/02/2015 00:00,CYPRUS,5950,9691682
FRI RIVER,FIV,FREIGHTER,507300,91.25,13.75,4.92,2548,,NASSAU,28/07/2000 00:00,BAHAMAS,3300,9224104
FRI SEA,FRIS,FREIGHTER,507300,91.25,14,5.21,2601,1428,NASSAU,01/09/2009 00:00,BAHAMAS,333,9229166
FRI SKIEN,FRIK,FREIGHTER,507300,89.25,,5.67,2780,1587,LIMASSOL,01/04/2015 00:00,CYPRUS,3740,9148192
FRIDTJOF NANSEN,F NANSEN    ,CRUISE,64766,140,23.6,5.5,21765,7545,TROMSO,09/12/2018 00:00,NORWAY,2206,9813084
FRIEDHELM,FRIE,FREIGHTER,20162,89.75,12.65,549,24518,1423,MADEIRA ,01/03/2023 00:00,PORTUGAL,3803,9953951
FRIO ADRIATIC,FRI,FREIGHTER,28813,134,18,6,6964,5155,PANAMA,,,0,9076272
FRIO HELLENIC,FHEL,FREIGHTER,28813,148,21,9,10069,5579,PANAMA,01/01/1999 00:00,PANAMANIAN,11070,9081679
FRISIA KIEL,FKIEL,FREIGHTER,28813,207.52,29,11,25406,12538,MONROVIA,,LIBERIA,33847,9302437
FRYDERYK CHOPIN,FRY,MISCELLANEOUS,COMDCK,55,8,4.2,3.6,,,,,,
FUGRO COMMANDER,FUG,MISCELLANEOUS,20162,56.27,11,3,991,297,PANAMA,,PANAMA,1250,8109266
FUGRO MERIDIAN,FUGRO MER,MISCELLANEOUS,202362,72.52,13.8,5.96,2.26,677,NASSAU,01/01/1982 00:00,BAHAMAS,1.5,8101331
GALICIA,GAL,FERRY,20212,214.5,28.44,6,41863,,MORLAIX,,FRENCH,7700,9856189
GALLANT LADY ,GALLANT,MISCELLANEOUS,78322,48.2,9.58,3.4,708,212,"DOVER, DE",01/01/1996 00:00,U.S.A,,8354653
GARGANO,GARG,MISCELLANEOUS,202362,72,16.03,6,2244,936,LONDON,01/01/2002 00:00,UNITED KINGDOM,3115,9249403
GARY CHOUEST,GARY,TUG,635040,84.12,18.29,7.01,3.97,1.19,GALLIANO LA,01/01/1998 00:00,U.S.A,4.13,9132313
GEEST SERVICE,GEEST SERVICE,FREIGHTER,28813,99,,,99,,,,,,
GEISE,GEI,FREIGHTER,507300,98.85,14.07,5.74,3198,1725,GIBRALTAR,26/02/2006 00:00,GIBRALTAR,4299,9195470
GEO OCEAN IV,GOIV,MISCELLANEOUS,202362,41.9,9.1,5.2,723,,LUXEMBOURG,,LUXEMBOURG,,8704858
GEORG STAGE,GOE,MISCELLANEOUS,507300,54,8,0,99,99,KOPENHAGEN,,DENISH,99,5128417
GEORGIA TRADER,GTRAD,FREIGHTER,28813,204.43,0,11,22801,11010,VALLETTA,,MATLA,30608,9357107
GEOSUND,GEO ,MISCELLANEOUS,202362,98.5,18.84,7.6,4949,1485,BERGEN,,,3624,9232694
GERMANICA HAV,GERH,FREIGHTER,563504,82.48,11.3,4.2,1.55,737,ANTIGUA & BARBUDA,01/03/1984 00:00,RUSSIAN,2.29,8324672
GITANA,GITA,FREIGHTER,507300,95.3,13.4,5.8,3169,1680,LEMMER,01/01/2003 00:00,NETHERLANDS,5019,9259056
GLOBAL,OBAL,MISCELLANEOUS,78322,74,13.2,3.8,1906,571,CAYMAN ISLANDS,01/11/2013 00:00,,315,1008700
GLOMAR WORKER,GLO,MISCELLANEOUS,507300,60,15.6,5,1969,590,PANAMA,01/01/2006 00:00,,1200,9344227
GMS ENDURANCE 6101,GMS,MISCELLANEOUS,20162,76,36,6,5087,1526,PANAMA,01/09/2010 00:00,PANAMA,0,9558969
GOLDEN HORIZON,GHOR,CRUISE,20162,164,,,20000,,CROATIA,,,,9793545
GOLIATH,GOL,TUG,COMDCK,29.16,7,3,167,50,UK,01/01/1957 00:00,BRITISH,,8227214
GOTLAND,GOTL,FREIGHTER,507300,88.97,11.8,5.4,2281,1229,STADE,01/01/2006 00:00,,3577,9411824
GOUWESTROOM,GOU,TUG,20162,20.7,6,2,80,0,,,,0,8943569
GPS BATTLER,GPS,TUG,101128,22,9,2,90,0,LONDON,,UK,0,235073887
GRAND CANYON III,GC3,MISCELLANEOUS,202362,128,25,6.3,12433,,,,NORWAY,,9695963
GREEN ITALIA,GRE,FREIGHTER,28813,131.25,19,8,7743,3726,NASSAU,24/03/1994 00:00,BAHAMANIAN,7721,9045780
GREEN QUEST,GREEN,MISCELLANEOUS,507300,17.8,6.4,1.5,12,,,,,,
GREEN SELJE,GSEL,FREIGHTER,28813,109,18,7,5084,3163,NASSAU,01/10/2010 00:00,BAHAMAS,6120,8804529
GREG MORTIMER,GREGMORTIMER,CRUISE,20162,104.4,21.227,5.3,8035,2410,NASSAU,01/08/2019 00:00,BAHAMAS,1450,9834648
GRIETJE,GRIT,FREIGHTER,563504,151.65,20.66,7.85,8397,4178,SAINT JOHN'S,01/04/2007 00:00,ANTIGUA & BARBUDA,9360,9147708
GT AURIGA,GTAU,FREIGHTER,507300,84.95,13.03,5.44,2416,1022,SAINT JOHN'S,01/04/1993 00:00,ANTIGUA & BARBUDA,3582,9041318
GT FORSETI,GTF,FREIGHTER,507300,84.9,13,5.4,2416,1358,SAINT JOHNS,,ANTIGUA& BARBUDA,3602,
GT PIKE ,GT PI,FREIGHTER,507300,88.6,12.5,5.42,3800,,SAINT JOHN'S,,NETHERLANDS ,,9373278
GUARDSMAN,GMAN,TUG,566408,24,8,3,188,54,,,,0,9015826
GUILLAUME DE NORMANDIE,GDN,FERRY,20212,194.7,,,40000,,,,,,
GUNILLA,GUN,MISCELLANEOUS,507300,61,8,3,405,121,,01/01/1940 00:00,SWEDISH,546,5239515
HAAFJELL,HAA,FREIGHTER,507300,89.1,13.4,5.65,2768,1629,FLEKKEFJORD,,NORWAY,3714,
HAM 602,HAM,FUEL BARGE,202362,83.39,20,4,2601,780,NETHERLANDS,01/06/2019 00:00,,2691,8139388
HAMBURG,HAMBURG,CRUISE,423437,145,21,5,15067,5092,NASSAU,30/10/1996 00:00,BAHAMNIAN,1300,9138329
HAMMONIA EMDEN,HEMD,FREIGHTER,28813,210,30,11,26836,12743,MONROVIA,01/01/2006 00:00,GERMANY,34248,9326823
HAMMONIA HUSUM,HHUS,FREIGHTER,28813,210,30,11,26836,12743,MONROVIA,31/03/2006 00:00,,34253,9326835
HANNA L,HANL,FREIGHTER,507300,88.6,12.52,5.43,2545,,CYPRUS,01/11/2020 00:00,CYPRUS,3843,9370276
HANSA BREMAN,HBRE,FREIGHTER,28813,156.53,23,9,10842,6381,MONROVIA,,LIBERIA,12942,8802088
HANSA LUBECK,HLUB,FREIGHTER,20195,156.53,23,9,10842,6381,BRIDGETOWN,01/01/2014 00:00,BERDADOS,12942,8909068
HANSA RENDSBURG,HANSA,FREIGHTER,28813,175.58,27,10,18335,10744,MONROVIA,,LIBERIA,23992,9155377
HANSEATIC,HANS,CRUISE,20162,122.73,0,4,8378,2554,NASSAU,,GERMANY,1100,9000168
HARBOUR SPIRIT,HSPI,FERRY,20141,33,10,99,1,1,,,,0,9741669
HAV SNAPPER,HAVS,FREIGHTER,20162,88.3,12.5,4.61,1961,964,NASSAU,01/01/2009 00:00,,30114,9001813
HBC ACHIEVER,ACHI,MISCELLANEOUS,635040,36,11.15,3.09,487,146,GILLELEJE,01/02/2015 00:00,DENMARK (DIS),,9647978
HEBRIDEAN PRINCESS,HEBPRI,CRUISE,20162,72,14.1,2.74,2112,633,GLASGOW,01/01/1964 00:00,UNITED KINGDOM,240,6409351
HEBRIDEAN SKY,HEB,CRUISE,20162,90.6,15,4,4200,1263,NASSAU,13/04/1991 00:00,,645,8802882
HEENVLIET,HEENVLIET,FREIGHTER,20162,88.6,12.69,5.42,2549,1460,ROTTERDAM,01/01/2008 00:00,NETHERLANDS,3850,9536076
HELEN ANNA,HELA,FREIGHTER,507300,87.84,12.9,5.51,2452,1369,ST JOHNS,23/06/1998 00:00,,3650,9582867
HELLAS STREAM,HELLAS ST,FREIGHTER,28813,158.13,24.4,10.02,13049,5353,NASSAU,01/01/1991 00:00,,13930,9015187
HELMUT,HEL,FREIGHTER,28813,134.44,22,8,9981,6006,LIMASSOL,10/07/2006 00:00,,211272,9354466
HENDRIK-S,HEND,FREIGHTER,563504,82.5,12.4,5.34,2311,1305,KAMPEN,,NETHERLANDS,3200,9195391
HENDRIKA MARGARETHA,HENDM,FREIGHTER,507300,81.07,12.36,5.2,1999,1159,HASSELT ,20/12/1992 00:00,NETHERLANDS,3200,9057238
HENNEKE RAMBOW,HEN,FREIGHTER,28813,134.44,22,8,9981,6006,HAMGURG,11/11/2006 00:00,GERMAN,11274,9354430
HENRIK S,HENRIK S,FREIGHTER,563504,129.49,19,8.7,8407,,,,,11169,9347633
HERANGER,HERA,FREIGHTER,28813,213.4,31.03,12.32,37150,14888,MAJURO,01/12/2021 00:00,,50198,9079121
HERITAGE ADVENTURER ,HERADV,CRUISE,20162,124,,4.9,8378,2573,MADEIRA ,01/12/2021 00:00,,1177,
HEYN,HEYN,FREIGHTER,507300,89.99,,5.25,2528,1053,,,NETHERLANDS,3500,9423671
HIBERNIA,HIB,TUG,20149,35.74,9,4,416,0,,,,0,7719686
HILKE,HIL,FREIGHTER,563504,133.94,23,7.8,11.47,3.83,ST JOHNS,01/01/2010 00:00,,10.05,9501875
HLV CANUTE,HLV,MISCELLANEOUS,37070,37,22,3,232,0,SOUTHAMPTON,,UK,0,
HMC SENTINEL,SENT,MISCELLANEOUS,121266,36.04,7,2,178,0,,,,0,8980426
HMS EXPLOIT,HMSEXP,MISCELLANEOUS,121266,24,8,,50,,,,,,
HMS FALKEN,FALK,MISCELLANEOUS,202362,40,8,4,99,99,SWEDEN,,SWEDEN,99,265070000
HMS RANGER,HMSRANG,MISCELLANEOUS,202362,24,8,,50,,,,,,
HMS SMITER,HMDSMI,MISCELLANEOUS,202362,24,8,,50,,,,,,
HONDURAS STAR,HON,FREIGHTER,28813,150.35,22,9,10629,4253,MONROVIA,01/01/1992 00:00,LIBERIA,10581,8906975
HONFLEUR,HONF,FERRY,20212,187.4,,,42400,,CAEN,,,,
HOOD ISLAND,HISL,FREIGHTER,28813,179.9,25,9,14061,6900,NASSAU,01/06/2011 00:00,BAHAMAS,14140,9059640
HOOGE,HOOGE,FREIGHTER,28813,161.35,25,9.9,15633,6717,GIBRALTAR,01/01/2006 00:00,GIBRALTAR,16986,9301122
HOPE BAY,HBAY,FREIGHTER,28813,143,22,7,8896,4365,PANAMA,,,0,9135169
HORNCAP,HCAP,FREIGHTER,28813,154.2,23,8,12887,3866,MONROVIA,01/02/2011 00:00,LIBERIA,9160,8802014
HORNCLIFF,HCLIF,FREIGHTER,28813,153.5,23,8,12887,3866,MONROVIA,01/06/2009 00:00,LIBERIA,9160,8912041
HSL SHEFFIELD,HSL SHEFF,FREIGHTER,28813,210.07,30,11,26833,12743,MONROVIA,16/08/2003 00:00,,34315,9275024
HYDRA,HYDR,FREIGHTER,507300,88.97,11.8,5.4,2281,1170,TEN BOER,01/01/2007 00:00,NETHERLANDS,3609,9356488
ICE GRACE,ICEGRACE,FREIGHTER,28813,144.6,23.6,10,12348,7984,MAJURO,,MARSHALL ISLANDS,14932,
ICELANDICA HAV,ICELANDIC,FREIGHTER,20162,82.45,11.38,4.22,1513,,NASSAU ,,BAHAMAS,,8128884
IEVOLI AMBER,IEVO,MISCELLANEOUS,563504,83.83,,5.5,3.72,,,,,3.9,
IEVOLI COBALT,IEV,MISCELLANEOUS,20195,83.83,16,6,3715,1408,NAPLES,,ITALIAN,4000,9736872
IEVOLI IVORY,IVO,MISCELLANEOUS,20195,91,18.8,5.9,4,,,,,3,9703368
IJSSELDIJK,IJSS,FREIGHTER,507300,89.95,14.4,6.2,2984,1551,GRONINGEN,,NETHERLANDS,4891,9514913
ILMA,ILMA,CRUISE,20162,242,,,46750,,,,,,
INDIANA JONES,INJO,FREIGHTER,20162,104.8,16250,5.77,3826,2013,HAMBURG,,GERMANY,4402,8806149
INDUSTRIAL CENTURY,INDU,FREIGHTER,202362,119.8,20,7.72,7252,2982,SAINT JOHNS,,ANTIGUA & BARBUDA,8077,9253260
INDUSTRIAL SONG,IND,FREIGHTER,20195,147,22,8,11619,4391,MADEIRE,,PORTUGAL,12328,9750464
INFINITY ,INFIN,MISCELLANEOUS,78322,117,16.1,,4978,,GEORGE TOWN ,,CAYMAN FLAG ,,9817896
INGEBORG PILOT,INGE,FREIGHTER,563504,88.45,11.35,4.95,2061,1161,KINGSTOWN,01/01/1994 00:00,ST VINCENT & THE GRE,3004,9108439
INTREPID,INTREP,MISCELLANEOUS,78322,69.15,11.2,3.35,1281,,GEORGE TOWN ,,CAYMAN FLAG ,,9733583
IRIS BLUE,IRISB,MISCELLANEOUS,78322,55,9.17,2.9,759,227,GEORGE TOWN,01/01/2024 00:00,CAYMAN ISLANDS,0,9944950
IRISHMAN,IRI,TUG,566408,24,8,3,188,54,,,UK,0,8816338
ISLAND FLYER,IFLY,MISCELLANEOUS,20191,22,10,1,99,99,UK,,,99,
ISLAND SKY,ISKY,CRUISE,20162,90.6,15,4,4200,1263,NASSAU,01/04/1992 00:00,UNITED STATES,480,8802894
ITALIA STREAM,ITAL STRE,FREIGHTER,28813,158.13,24,9,13049,5353,NASSAU,01/08/1992 00:00,BAHAMAS,13930,9030137
IVAR REEFER,IVA,FREIGHTER,20195,165,24,10,14406,6673,NASSAU,01/12/2011 00:00,BAHAMAS,16950,8819938
IVORY GIRL,IGIR,FREIGHTER,20195,154,24,9,11438,5901,PORT VILA,,VANUATA,10432,9143099
JACQUES CARTIER,JADQUES,CRUISE,202362,132,,,10700,,,,,,
JAMAICA BAY,JBAY,MISCELLANEOUS,507300,59.85,11,3,1143,0,GERMANY,,,231,1009936
JAMILA,JAM,FREIGHTER,28813,161.3,25,9,16137,6126,MONROVIA,01/04/2010 00:00,LIBERIA,17152,9477359
JAYNEE W,JAY,FUEL BARGE,20104,75,12,5,1689,776,HULL,,UK,0,9130896
JENNY M,JEN M,MISCELLANEOUS,20184,16,3,,1,,,,,,
JEWEL OF THE SEAS,JEWEL OF SEAS     ,CRUISE,20162,293,32.2,8.1,90090,,,,,,
JIF ARTEMIS,JIF,MISCELLANEOUS,507300,32,12,3,357,107,MARSEILLE,,FRANCE,0,
JML 5014,JML,MISC BARGE,979897,50,14,2.35,544,,,,,,
JORGEN REEFER,JOR,FREIGHTER,20195,164.33,24,10,14406,6673,NASSAU,,BAHAMAS,16950,9007489
JORK,ORK,FREIGHTER,563504,145.65,18.29,7.4,8059,3909,SAINT JOHN'S,30/11/2011 00:00,,10872,9535606
JRS CAPELLA,JCAP,FREIGHTER,28813,129.51,20,7,7661,3085,LIMASSOL,,CYPRUS,8261,93295564
JSP MISTRAL,JMIS,FREIGHTER,28813,138.15,21,7,8032,3615,SAINT JOHNS,23/02/2009 00:00,GERMANY,10316,9368041
JSP SKIRNER,SKIR,FREIGHTER,644009,139,22.85,8.8,9981,4900,,,ANTIGUA & BARBUDA,,9347798
JSP SLIDUR,JSPS,FREIGHTER,644009,134.4,22.5,8.7,9962,6006,MADEIRA,,PORTUGAL,11433,
KAPITAN KOKOVIN,KAPK,FREIGHTER,507300,82.5,12.6,5.3,2474,1464,ARKHANGEISK,,RUSSIA,3480,9279422
KAPITAN SAKHAROV,KAP,FREIGHTER,507300,82.5,12.6,5.3,2474,1464,ARKHANGELSK,26/05/2004 00:00,,3483,9279434
KARLA C,KARL,FREIGHTER,507300,106.07,15.5,6.65,4151,2323,MADEIRA,,PORTUGAL,6795,
KAROLINE,KAR,FREIGHTER,563504,86.53,12.8,5.55,2588,1376,SAINT JOHN'S,01/12/2006 00:00,ANTIGUA & BARBUDA,3345,9375874
KASKELOT,KAS,MISCELLANEOUS,500983,46.63,8,3,99,99,,,,0,5183120
KBB DUMMY SHIP,KBB,FREIGHTER,20099,99,99,99,99,99,,,,99,
KELT,KEL,FREIGHTER,507300,82.5,12.5,5.45,2409,993,GRONINGEN,,NETHERLANDS,3750,
KENDALL DUMMY SHIP,KEN,FREIGHTER,20139,99,9,99,99,99,,,,99,
KIM K,KIM,TUG,20162,22,9,3,135,0,,,NETHERLANDS,187,9470181
KINGSTON,KIN,TUG,28813,26.9,6,3,113,,,01/01/1963 00:00,UNITED KINGDOM,,5344437
KITHNOS,KIT,FUEL BARGE,202362,90.22,15,6,3220,4600,,,,4600,9371268
KLARA,KLARA,FREIGHTER,563504,166.15,22.9,9.8,15.549,6.09,MADEIRA,,PORTUGAL,19.36,9467160
KLIPPER STREAM,KLI,FREIGHTER,28813,150,22,9,9305,4983,SCHEVENINGEN,,NETHERLAND,5022,9167796
KNUD REFFER,KNU,FREIGHTER,20195,164.33,24,10,14406,6673,NASSAU,01/12/2011 00:00,BAHAMAS,16950,8903167
KUPER,KUPER,FREIGHTER,507300,89.25,13.3,,2891,,,,,,
L'AUSTRAL,L'AUSTRAL,CRUISE,202362,142.1,18,4.7,10944,,MATA UTU,,FRENCH,1441,9502518
LADY ROSE,LAD,FREIGHTER,28813,143,22,9,9576,5562,PANAMA,01/09/2009 00:00,PANAMA,10630,9355032
LAFJELL,LAF,FREIGHTER,563504,89.25,13.3,6.12,2891,,FLEKKEFJORD ,,NORWAY ,,
LAS PALMAS,LAS,FREIGHTER,28813,127.96,20,7,7360,3085,MADEIRA,23/07/2001 00:00,PORTUGUESE,3814,9216834
LE BOREAL,LE,CRUISE,202362,142,20,4,10944,3427,MATA-UTU,01/01/2004 00:00,FRENCH,1441,9502506
LE COMMANDANT CHARCOT,COMMANDANT CHARCOT,CRUISE,202362,149.9,,,30956,,,,,,
LE DUMONT D'URVILLE,LE DUMONT,CRUISE,202362,131,18,99,9900,,,,,,9814052
LE SOLEAL,LES,CRUISE,202362,142.1,20,4,10992,3440,MATA-UTU,06/12/2012 00:00,FRENCH,1441,9641675
LEANDER G,LEA,MISCELLANEOUS,20246,75,13,4,1930,579,HAMILTON,01/12/1992 00:00,BERMADU,0,1002445
LEISURE SCENE,LEIS,FERRY,20184,31,,,259,103,SOUTHAMPTON,,BRITISH,,
LENNEBORG,LENN,FREIGHTER,635040,108.17,18.47,7.01,5598,2883,DELFZIJL,12/03/2008 00:00,NETHERLANDS,8112,9421075
LIAMARE,LIA,FREIGHTER,507300,107,15.3,6.2,4112,2267,MAARTENSDIJK,,NETHERLANDS,5842,
LILBO,LILB,FREIGHTER,507300,82.5,12.6,5.28,2190,1051,SAINT JOHNS,01/01/1989 00:00,ANTIGUA & BARBUDA,3292,8818623
LINDAUNIS,LIN,FREIGHTER,28813,151.72,23.4,8,10585,5372,MONROVIA,,LIBERIA,12850,9483334
LINTAN,LINTA,FREIGHTER,563504,180.03,30.32,10.7,24785,13033,HONG KONG,01/01/2015 00:00,,39641,9715206
LISA,LIS,FREIGHTER,28813,137.5,21,7,7519,3570,SAINT JOHNS,06/09/2003 00:00,,8645,9287704
LISA D,LISD,FREIGHTER,563504,73.72,11.71,3.65,1162,585,ST JOHNS,27/01/1984 00:00,ANTIGUA & BARBUDA,1685,8205187
LISTERVIK,LIST,FREIGHTER,507300,89.96,13.6,5.71,2863,1394,TORSHAVN,,FAROE ISLANDS,3904,9136216
LOMBOK STRAIT,LOMBOK ST,FREIGHTER,28813,167,25,9,14413,7536,VALLETTA,01/01/2002 00:00,MALTESE,15917,9204958
LORD NELSON,LOR,MISCELLANEOUS,343839,52.2,8,4,368,110,SOUTHAMTON,,UK,0,1002495
LOUIS AURA,LOU,CRUISE,202362,160.11,22,6,15781,6919,VALLETA,01/05/1968 00:00,,2516,6821080
LS ANNE,LSA,MISCELLANEOUS,202362,105.5,17,6,3992,1819,GIBALTAR,01/08/2008 00:00,GIBRALTAR,5757,9418925
LUZON STRAIT,LUZON ST,FREIGHTER,28813,167,25,8,13700,4230,MONROVIA,01/01/2002 00:00,LIBERIA,11120,9204960
M/T PAXOI,MTP,FUEL BARGE,202362,102.7,17,6,4599,1958,MONROVIA,06/04/2009 00:00,,0,9382190
M/Y A,MYA,MISCELLANEOUS,20246,119,18,5,5959,1787,HAMILTON,01/01/2008 00:00,,1126,1009340
M/Y SCOUT,SCOUT,MISCELLANEOUS,78322,64,,3.3,1416,,,,,,
MAASHOLM,MAA,FREIGHTER,28813,151.72,23.4,8,10585,5372,MONROVIA,,LIBERIA,12850,9483346
MAERSK AHRAM,MAHR,FREIGHTER,28813,155,25,9,14557,7661,ALEXANDRIA,,EGYPT,17728,9164225
MAERSK BERWICK,MBER,FREIGHTER,28813,210,30,11,27093,12686,MAJURO,15/01/2002 00:00,,34622,9236638
MAERSK NEWBURY,MRSK NEWB,FREIGHTER,28813,210,30,11,26528,12715,SINGAPORE,,,34662,9231470
MAERSK NEWCASTLE,MNCAS,FREIGHTER,28813,210,30,11,26626,12,SINGAPORE,01/02/2001 00:00,DENMARK,34627,9215878
MAERSK NEWHAVEN,MRSK NHAV,FREIGHTER,28813,210.07,30,11,26718,12715,SINGAPORE,01/04/2001 00:00,DENMARK,34677,9215880
MAERSK NIAGARA,MRSK NIAG,FREIGHTER,28813,210.1,30.23,11.5,26.84,12.74,,,,33.43,
MAERSK NIAMEY,MRSK NIMY,FREIGHTER,28813,210.09,30.23,11.5,26836,12743,HONG KONG,,CHINA,33413,
MAERSK NIENBURG,MRSKNIENB,FREIGHTER,28813,210,30.23,11.5,26.84,,,,,33.46,
MAERSK NIJMEGEN,MRSK NIJM,FREIGHTER,28813,210.1,30,11,26836,12743,HONG KONG,22/05/2009 00:00,CHINA,3345,9434929
MAERSK NIMES,NIM,FREIGHTER,28813,210.09,30.23,11.5,26836,12743,HONG KONG,04/09/2009 00:00,,33447,9434931
MAERSK NITEROI,MRSK NITE,FREIGHTER,28813,210.09,30.23,11.5,26836,12743,HONG KONG,,CHINA,33411,
MAERSK NORTHAMPTON,MAENORTH,FREIGHTER,28813,210,30,11,26718,12715,SINGAPORE,25/09/2001 00:00,DANISH,34677,9215919
MAERSK NORTHWOOD,MNWOOD,FREIGHTER,28813,210,30,11,26582,12715,SINGAPORE,27/05/2006 00:00,,34627,9222118
MAERSK NORWICH,MNWICH,FREIGHTER,28813,210,30,11,26671,12679,SINGAPORE,27/05/2006 00:00,,34396,9301926
MAERSK NOTTINGHAM,MNOTT,FREIGHTER,28813,210,30,11,26833,12743,MONROVIA,,LIBERIA,34300,9275050
MAERSK SERVICE,MAERSK SERVICE,FREIGHTER,28813,99,,,99,,,,,,
MAERSK VISTULA,MVIST,FREIGHTER,28813,200,35,11,34882,16947,COPENHAGEN,,DENMARK,40000,9775737
MAGDALENA,MAGD,FREIGHTER,507300,88.29,13.2,5.46,2371,1434,,,ANTIGUA & BARBUDA,4247,8822600
MAGELLAN,MAG,CRUISE,20162,221.57,28,7,46052,24545,NASSAU,01/06/1985 00:00,,7186,8217881
MAIDEN CASTLE,MACA,TUG,1379997,30.52,10,4.1,314,94,PORTLAND,10/12/1992 00:00,UNITED KINGDOM,166,9054353
MAJESTY OF THE SEAS,MOTS,CRUISE,20162,268,,,73941,,,,,,
MANU PEKKA,MPEK,DREDGER,20193,47.93,15,15,0,680,,,,3,212701000
MARCO POLO,MPOLO,CRUISE,20162,176.28,23,8,22080,9081,NASSAU,01/01/1965 00:00,NORWEGIAN,5180,6417097
MARCUS,MARC,FREIGHTER,20162,87.9,12.8,5.45,2461,1369,ANTWERP,01/06/2021 00:00,,3712,9313656
MARELLA CELEBRATION,MARELLA,CRUISE,110214,215,27.26,7.7,33933,16050,VALLETTA,01/01/1984 00:00,MALTA,4243,8027298
MARELLA EXPLORER,MAREXP,CRUISE,110214,262,,,76998,,VALLETTA,,,,9106297
MARELLA EXPLORER 2,MAREXP2,CRUISE,110214,248,32.23,7.82,71545,,VALLETTA,01/01/1995 00:00,MALTA,,9072446
MARELLA TENDER,MAT,MISCELLANEOUS,110214,21,,,18,,,,,,
MARFET NIOLON,MARFET NIOLON,FERRY,20162,123,19,,7395,,,,LUXEMBORG,5282,8912388
MARIANNE,MAR,FREIGHTER,28813,210.07,30,11,26718,12715,SINGAPORE,01/07/2001 00:00,DENMARK,34723,9215907
MARIETJE HESTER,MARHE,FREIGHTER,507300,82.5,12.5,5.45,2409,993,DELFZIJL,01/04/2005 00:00,NETHERLANDS,3200,9279032
MARINA,MARINA,CRUISE,20162,238,,7.6,66084,28485,MAJURO,01/04/2010 00:00,MARSHALL ISLANDS,8676,9438066
,,,,,,,,,,,,,
MARKEB,MKEB,MISCELLANEOUS,202362,72,13,4,1594,478,PANAMA,,,1167,7424724
MARKSMAN,MARKSMAN,TUG,566408,24.5,11.3,3.5,268,80,,,,150,
MARTEN,MARTEN,FREIGHTER,507300,89.86,,5.65,2589,,LIMASSOL,01/05/2012 00:00,CYPRUS,3801,9617337
MAX WINNER,MWIN,FREIGHTER,28813,161.3,25,0,16162,0,MALTA,,MALTA,17350,9396610
MEIN SCHIFF 3,MS3,CRUISE,20162,294,35.8,8.25,99700,63078,VALLETTA,01/05/2014 00:00,MALTA,7900,9641730
MELLINA,MELL,FREIGHTER,1861492,94.4,16.95,6,3442,1032,ANTWERP,01/02/2023 00:00,BELGIUM,5150,9260689
MERCS JAFFNA,MJAF,FREIGHTER,28813,160.84,25,9,15636,6715,COLOMOBO,01/11/2010 00:00,SRI LAKA,16908,9431331
MERI,MER,FREIGHTER,563504,105.4,18.8,4,3360,,FINLAND,,,4835,9622502
MIDAS ,MID,FERRY,163081,108.52,17.47,5.97,5873,,BRANDO,,FINLAND ,,
MILA,MILA,FREIGHTER,507300,89.99,12.58,5.43,2528,,ALKMAAR,,NETHERLANDS ,,9331335
MIMMI SCHULTE,MIMMI S,FREIGHTER,28813,188.85,30,10,27279,10008,SINGAPORE,01/08/2017 00:00,SINGAPORE,30205,9743473
MINERVA,MINERVA,FREIGHTER,20162,188.79,30.475,10.5,27.279,10.02,SINGAPORE,01/01/2015 00:00,SINGAPORE,30.08,9694426
MIRIAM,MIR,FREIGHTER,20162,140.59,21.8,7.34,7852,3285,ST JOHNS,03/04/2008 00:00,,9300,9436202
MITO,MIT,FREIGHTER,644009,147.8,23.25,8.5,9910,5032,SAINT JOHNS,,ANTIGUA & BARBUDA,13760,
MITSUI OCEAN FUJI,MITSUI OCEAN FUJI,CRUISE,644009,198,,,32477,,,,,,
MN TOUCAN,MNTO,FERRY,163081,116.07,20,5,9125,2737,MARSEILLE,28/07/1995 00:00,FRENCH,4253,9112466
MOGAMBO,MOG,MISCELLANEOUS,CASH,73.42,12,3,1682,509,GEORGE TOWN,,,0,9560780
MONJASA PROMOTER ,MONPRO,FUEL BARGE,20162,83.4,12.94,5.65,2143,967,MONTOVIA,20/06/2008 00:00,,3600,9341421
MONJASA PROVIDER,MONJ,FUEL BARGE,20162,95.82,14,6,2889,1384,VALLETTA,07/05/2005 00:00,NORWEGIAN,4279,9327281
MONT ST MICHEL,MSM,FERRY,20212,173.15,28,6,34800,36000,CAEN,01/01/2002 00:00,FRANCE,7500,9238337
MOSELDIJK,MOS,FREIGHTER,507300,89.95,14.4,6.21,2967,1601,GRONINGEN,01/06/2010 00:00,NETHERLANDS,4927,9377913
MOVEMENT RESTRICTION,XXXXX,MISCELLANEOUS,507300,99,,,1234,,,,,,
MOVEMENT RESTRICTION1,XXXXXX,MISCELLANEOUS,507300,1,,,999,,,,,,
MPR3,MPR,MISC BARGE,202362,31.9,11,2,312,93,ROTTERDAM,01/11/2010 00:00,NETHERLANDS,,9611539
MTS INDUS,MIND,TUG,506212,25.26,6,3,97,0,,,UK,0,8884830
MTS VALOUR,MVAL,TUG,COMDCK,23,0,0,999,0,,,,0,9407299
MTS VIGILANT,MVIG,TUG,28813,30.08,9,3,309,92,KINGSTOWN,01/04/2009 00:00,UK,184,9533969
MTS VISCOUNT,MVIS,TUG,20195,35.01,10,4,369,110,NETHERLANDS,,,318,7610012
MUSKETIER,MUSKETIER,FREIGHTER,248689,88.6,12.52,4.7,2545,,GIBRALTAR,,UNITED KINGDOM,3850,9369514
MV ISARTAL,MV ISARTAL,FREIGHTER,507300,87.82,,5.59,2461,1369,MADEIRA,01/01/2005 00:00,PORTUGAL,3711,9313670
MY AVANTI,AVA,MISCELLANEOUS,78322,74,12,3.8,1790,,MAJURO,,MARSHALL ISLAND,,9860764
MY GAMECHANGER,MYG,CRUISE,CASH,69.15,11.48,3.35,1371,411,BIKINI,,MARSHALL ISLANDS,501,
MY GOLDEN ODYSSEY,MYGO,MISCELLANEOUS,78322,124,20,4.8,7690,,BERMUDA,,,700,9648788
MY MARIA,MYMAR,MISCELLANEOUS,20246,67,10,3,1200,360,JALUIT,27/01/2005 00:00,,0,1008774
MY MUSASHI,MMUS,MISCELLANEOUS,20246,87.78,13,4,2463,738,GEORGE TOWN,,NETHERLANDS,99,1010131
MY SONG,MSON,MISCELLANEOUS,CASH,40,8,5,99,99,,,UK,99,
NAB HOPPER BARGE,NHB,MISCELLANEOUS,575968,43.25,9,2,292,87,POOLE,01/04/1978 00:00,UK,525,895196
NARRATIVE,NARRATIVE,CRUISE,575968,226,,,55000,,,,,,
NAXOS,NAX,FUEL BARGE,202362,90.22,15,6,3220,1327,MONROVIA,,LIBERIA,4626,9371335
NEDERLAND REEFER,NED REEF,FREIGHTER,28813,158.13,24,10,13049,5353,NASSAU,01/01/1991 00:00,BAHAMAS,13958,9015199
NEEDLES,NEE,MISC BARGE,575968,43.97,8,2,292,87,POOLE,01/01/1979 00:00,UK,525,8995201
NEW HAMPSHIRE,NHAP,MISCELLANEOUS,CASH,59.5,11,5,1011,303,DOUGLAS ISLE,01/06/2016 00:00,ISLE OF MAN,204,108554
NEWTON,NEW,FREIGHTER,563504,74.93,10.6,3.37,1307,413,SAINT JOHNS,,ANTIGUA & BARBUDA,1529,
NG ENDURANCE,NG ENDURANCE,CRUISE,20162,124,,,12786,,,,,,
NG EXPLORER,NGEX,CRUISE,20162,112,16,8,6471,1942,NASSAU,22/05/1982 00:00,BAHAMAS,774,8019356
NG ORION,NGOR,CRUISE,20162,102.7,14,4,3984,1240,NASSAU,01/05/2003 00:00,BAHAMAS,668,9273076
NGONI,NGO,MISCELLANEOUS,CASH,58,9.54,5.3,396,,JERSEY,21/05/2020 00:00,JERSEY,1024,1013042
NICO,NICO,MISCELLANEOUS,177364,38.82,9,1,417,132,KLINTEBJERG,01/04/2007 00:00,DENMARK,0,8916853
NINA,NINA,FREIGHTER,507300,104.55,13.6,6.18,3289,1879,LIMASSOL,01/01/2003 00:00,CYPRUS,5751,9277278
NOBLEMAN,NOB,TUG,934842,24.39,9.15,5.1,145,0,HULL,,UNITED KINGDOM,83,9655901
NOORDDIJK,NOOD,FREIGHTER,563504,122.2,19.8,7.2,7580,3050,GRONINGEN,01/02/2020 00:00,,9214,9591820
NORA B,NORA B,TUG,28813,36,15,99,1,,,,NETHERLANDS,,9851270
NORDANA EMILIE,NORE,FREIGHTER,423437,138.19,21,8,9611,4260,ST JOHNS,01/01/2005 00:00,GERMAN,12714,9312169
NORDIC,NORDIC,FREIGHTER,563504,92.2,15,5,2989,896,URK,01/04/2013 00:00,NETHERLANDS,,9663001
NORDIC HAMBURG,NHA,FREIGHTER,28813,151.72,23,8,10585,5327,LIMASSOL,01/05/2010 00:00,GERMAN,13000,9514755
NORDIC LUEBECK,NOR,FREIGHTER,28813,151.72,23.4,8,10318,5391,MONROVIA,23/02/2011 00:00,,13200,9483683
NORMA D,NORD,DREDGER,20193,27,9,1,88,33,,,,0,232003935
NORMAN ASTURIAS,NORA,FERRY,90308,186.62,25,6,27414,8,BARI,,ITALY,7,
NORMAND PACIFIC,NORP,MISCELLANEOUS,20162,122.4,23,7.3,9778,2934,SKUDENESHAVN,,NORWAY,6700,9491977
NORMANDIE,ND,FERRY,20212,161.4,26,5,27541,16833,CAEN,15/05/1992 00:00,FRENCH,0,9006253
NORMANDIE EXPRESS,NEX,WAVE PIERCING CRAFT,20212,97.22,26,3,6581,2514,,,,750,9221358
NORWEGIAN STAR,NORWEGIAN STAR,CRUISE,20162,294,,,91740,,,,,,
NOVA K,NOV,TUG,20162,31.8,11,2,288,0,,,,0,9352365
OCEAN ADVENTURER,OADV,CRUISE,20162,100.01,16,4,4617,1443,NASSAU,19/04/1975 00:00,,1465,7391422
OCEAN ALBATROS,OCEANALBATROS,CRUISE,64766,104.4,21.227,5.3,8500,2368,NASSAU,01/03/2023 00:00,BAHAMAS,1613,9880661
OCEAN DIAMOND,OCEANDMND,CRUISE,20162,124,16,4.9,8282,,,,,,
OCEAN DIAMOND ZODIAC,ODZ,MISCELLANEOUS,20162,2,,,0,,,,,,
OCEAN DRAGON,ODRAG,MISCELLANEOUS,496227,25.5,7,2,148,0,,,,0,
OCEAN MAJESTY,OMAJ,CRUISE,423437,130.64,19,5,10417,4189,MADEIRA,,PORTUGAL,1031,6602898
OCEAN NOVA,ONOV,CRUISE,461744,72.8,11,7,2183,786,NASAU,,BAHAMAS,163,8913916
OCEAN ODYSSEY,OCEAN ODYSSEY,CRUISE,20162,104.4,,,0,,,,,,
OCEAN PROMISE,OPRO,FREIGHTER,28813,210.07,30,11,26718,12715,LONDON,03/03/2001 00:00,UK,34677,9215892
OCEAN SCENE,OCE,FERRY,20184,29.99,,,180,,SOUTHAMPTON,,BRITISH,,8633865
OCEANIC,OCNC,FREIGHTER,563504,92.2,15,4.9,2989,896,URK,,NETHERLANDS,3000,9624550
ONEGO BAYOU,ONE,FREIGHTER,563504,145.63,18.29,7.35,7,3,ANTIGUA AND BARMUDA,,,,9369069
ONEGO ELBE,ONEELB,FREIGHTER,20195,145.63,18.29,7.4,7878,3909,SAINT JOHNS,01/01/2008 00:00,ANTIGUA & BARBUDA,11083,9438573
OPAL,OPLA,TUG,20162,59.25,14,4,1678,503,VALLETTA,01/01/2009 00:00,,1337,9489479
OPDR CADIZ,OCAD,FREIGHTER,28813,127.94,20,7,7360,3085,MADEIRA,16/05/2002 00:00,`PORTUGESE,3822,9216858
OPDR TENERIFE,OTEN,FREIGHTER,28813,127.95,0,7,7360,3085,LIMASSOL,01/01/2002 00:00,CYPRUS,8400,9216846
OPERA,OPE,MISCELLANEOUS,78322,146.35,20,6,12518,,GEORGE TOWN,01/02/2023 00:00,CAYMAN ISLANDS,900,1012933
ORION,ORION,FREIGHTER,644009,98.68,,5.91,2.98,1.31,SNEEK,01/01/1998 00:00,NETHERLANDS,4.85,9143415
OTTO SVERDRUP,OTTOSVER,CRUISE,64766,138.5,21.5,5.15,15690,5624,TROMSO,08/12/2015 00:00,NORWAY,945,9231951
PACHUCA,PACH,FREIGHTER,20162,139.81,19.4,7.29,6901,3575,MADEIRA,,,9235,
PACIFIC CONSTRUCTOR,PAC,FREIGHTER,202362,115.4,22,7.1,8133,2364,SINGAPORE,,SINGAPORE,6480,
PACIFIC MERMAID,PACIFIC M,FREIGHTER,28813,141.8,22.8,8.81,9.82,3.54,MONROVIA,01/01/1992 00:00,LIBERIA,10.47,9045924
PACIFIC REEFER,PREEF,FREIGHTER,423437,175.72,,9,14505,7580,MONROVIA,,LIBERIA,17322,9179268
PATRIA,PAT,FREIGHTER,507300,82.38,12.5,4.2,2210,,,,,3519,
PEAK BELFAST,PBE,FREIGHTER,563504,89.95,14,6.8,2978,,HARLINGEN,01/03/2010 00:00,NETHERLANDS,3931,9544891
PEAK BERGEN,PBER,FREIGHTER,563504,89.95,14,5.54,2978,1384,HARLINGEN,01/01/2010 00:00,NETHERLANDS,3931,9544932
PEAK BREMEN,PBREM,FREIGHTER,563504,89.95,14.1,5.8,2978,1384,HARLINGEN,01/09/2022 00:00,NETHERLANDS,,
PELICAN,PEL ,FERRY,20212,154.5,22.7,6.96,12076,3623,,,FRANCE,8847,9170999
PENGALIA,PENG,FREIGHTER,644009,129.6,20.6,7.4,7545,3165,MADEIRA,,PORTUGAL,8267,9440588
PERSEUS J,PRSJ,FREIGHTER,28813,140.38,23,8,10965,4714,LIMASSOL,02/04/2008 00:00,GERMAN,12558,9371414
PHILEMON,PMON,FREIGHTER,28813,157.69,23,8,11550,5839,SAINT JOHNS,16/03/2010 00:00,GERMAN,14483,9412517
PHOENIX,PHOEN,MISCELLANEOUS,78322,40.8,8.3,2.14,386,115,AVATIU,01/01/2021 00:00,COOK ISLANDS,75,9944510
PHRYNE,PYNE,MISCELLANEOUS,CASH,49.8,10,3,436,,,,,,
PINK GIN,PINK GIN,MISCELLANEOUS,20246,53.85,,4.5,219,,,,,,
POLAR STREAM,PSTREAM,FREIGHTER,423437,154,24,9,11417,5966,GRONINGEN,01/02/1999 00:00,NETHERLANDS,10449,9189885
POLARLIGHT,PLIGHT,FREIGHTER,423437,154,24,9,11417,5966,MONROVIA,,LIBIAN,,9189873
PONT AVEN,PA,FERRY,20212,184.3,30,6,41748,,,,FRANCE,4750,9268708
PONTOON 1,POTN1,MISCELLANEOUS,20191,55,6,1,100,,,,,,
PONTOON 2,PONT2,MISC BARGE,20191,38,10.5,1,100,,,,,,
POWER PLAY,POW,MISCELLANEOUS,20246,55.7,10.1,3.3,489,146,GEORGE TOWN,04/09/2018 00:00,,300,9781401
PREGOL HAV,PREG,FREIGHTER,507300,82.6,11.38,4.22,1616,758,SAINT JOHNS,09/02/1985 00:00,ANTIGUA & BARBUDA,2291,8519239
PRINCESS CAROLINE,PCARO,MISCELLANEOUS,821076,30,,2,10,10,,,,,8326357
PRINCESS DAPHNE,PDAP,CRUISE,202362,162.39,21,7,15833,5572,MADEIRA,01/10/2005 00:00,PORTUGAL,3610,5282627
PRISCILLA,PRIS,FREIGHTER,507300,88.97,11.8,5,2281,1229,ROTTERDAM,,NETHERLANDS,3250,9411745
PULLMOOR,PULL,TUG,COMDCK,26.83,7.22,3.65,133,,LONDON,01/01/1984 00:00,UNITEDKINGDOM,78,8314574
QUEEN ESTER,QUEST,MISCELLANEOUS,426653,49.16,6,2,191,76,,,,,
RDJ JOHANNA,RDJ JOHANNA,FREIGHTER,507300,82.5,12.4,5.3,2.31,1.31,ROTTERDAM,01/01/2001 00:00,NETHERLANDS,3.15,9195418
RED JET 7,RED JET 7,FERRY,523658,40.88,10.87,1.31,353,124,UNITED KINGDOM,,BRITISH,31.46,9838321
REEF CHIEF,REEF,MISCELLANEOUS,78322,49.86,8,2,476,142,GEORGE TOWN,01/01/2008 00:00,AMERICAN,130,9537458
REGAL BAY,REG,FREIGHTER,28813,151,22.5,8.2,10375,,,,,10520,311907000
RENAISSANCE,RENAISSAN,CRUISE,20162,219,30.832,7.72,55575,26172,HAMILTON,01/09/2020 00:00,BERMUDA,7406,8919257
RESILIENT LADY,RESILIENT,CRUISE,20162,278,,,110000,,,,,,
REVELRY,REVELRY,MISCELLANEOUS,78322,52.3,9.4,3.15,672,201,BLOODY BAY,01/01/2012 00:00,CAYMAN ISLANDS,,1011111
REYNAERT,RNRT,DREDGER,20193,97.5,21,,5005,,FLUSHING,,NETHERLANDS,8327,9360726
RFA MOUNTS BAY ,RFAMBAY,MISCELLANEOUS,COMDCK,176.6,32.2,5.1,23569,,LONDON,,UNITED KINGDOM ,,9240770
RICHELIEU,RICH,FREIGHTER,507300,88.6,12.52,5.42,2545,1460,GIBRALTAR,01/03/2007 00:00,GIBRALTAR,3850,9369526
RIG,RIG,FREIGHTER,507300,87,13,5.07,2351,1149,MALTA,,,3200,8801137
RIGI VENTURE,RIGI VENT,MISCELLANEOUS,563504,199,32,9.7,36336,,HONG KONG ,10/01/2022 00:00,HONG KONG,63500,9693197
RIO THELON,RTHEL,FREIGHTER,28813,210.06,30,11,26833,12743,MONROVIA,19/04/2004 00:00,LIBERIA,31314,9283708
RIVERMAN,RIV,TUG,566408,24.39,9.15,4.42,196,136,HULL,01/05/2022 00:00,UK,113,9513165
RIVIERA,RIVIERA,CRUISE,20162,239,32.18,7.6,66084,29187,MAJURO,01/04/2012 00:00,MARSHALL ISLANDS,7662,9438078
RIX ATLANTIC,RIXA,FREIGHTER,563504,87.95,12.39,5.6,2451,1294,LIMASSOL,,CYPRUS,3793,9194270
RIX BAY,RIXBAY,FREIGHTER,507300,90.12,50.2,5.64,2993,1593,LIMASSOL,01/06/2020 00:00,,4279,9017410
RIX EMERALD,RIX,FREIGHTER,563504,84.96,11.35,4.95,2061,1161,LIMASSOL,01/01/1995 00:00,CYPRUS,3001,9116802
RIX GULF,RIXG,FREIGHTER,563504,92,15,6.59,2982,1866,MADEIRA,01/01/2008 00:00,PORTUGAL,5400,9396701
RIX MISTRAL,RIM,FREIGHTER,507300,87.97,12.8,5498,2446,1369,LIMASSOL,30/01/1997 00:00,CYPRUS,3747,9173513
RIX PARTNER,RIXP,FREIGHTER,563504,87.98,12.95,5.49,2446,1369,MADEIRA,,PORTUGAL,3723,
RIX RIVER,RIXRI,FREIGHTER,563504,87.78,12.8,5.5,2.45,1.37,LIMASSOL,01/01/2018 00:00,CYPRUS,3.7,9065984
RIX RUBY,RIXRUBY,FREIGHTER,563504,91.46,,5.8,2.82,1.54,LIMASSOL,,CYPRUS,4.22,9114701
RIX WARRIOR,RIXWA,FREIGHTER,20162,89.4,13.6,5.72,2482,1538,LIMASSOL,01/11/2022 00:00,CYPRUS,4123,9129134
RMS DUISBURG,RDUIS,FREIGHTER,28813,99.9,11,3,2042,612,ST JOHNS,,ANTIGUA & BARBUDA,,9194309
RMS NEUDORF,RNEUD,FREIGHTER,28813,82.5,12,6,1985,969,SAINT JOHN,01/01/1999 00:00,ANTIGUA,2620,8920256
RMS VERITAS,RMSV,FREIGHTER,644009,99.26,16.44,4.9,2899,1390,SAINT JOHNS,,ANTIGUA & BARBUDA,3931,
RMS WANHEIM ,RMSWAN,FREIGHTER,20162,82.51,12.5,4.46,1985,,MONROVIA ,01/03/2016 00:00,LIBERIA ,,8920268
ROALD AMUNDSEN,ROALD,CRUISE,20162,140,,,40000,,,,,,
ROALD-AMUNDSEN,ROA,MISCELLANEOUS,20162,49,7,4.2,252,,GERMANY,,,480,8994489
ROCKET RACOON,ROCK,FREIGHTER,563504,87.98,13.03,5.17,2642,1161,SAINT JOHN'S,03/07/1987 00:00,ANTIGUA & BARBUDA,3531,8707783
ROMAN,ROM,TUG,566408,27,9.1,,148,,,,,,
ROMI,ROI,FREIGHTER,507300,88.25,13.2,4.46,2373,1434,NASSAU,01/06/2005 00:00,BAHAMAS,4220,8922266
RORO4,ROR4,MISCELLANEOUS,496007,90,22,1,1,,,,,,
RORO5,ROR5,MISCELLANEOUS,496007,69,15,1,1,,,,,,
ROYAL KLIPPER,ROYALKLIP,FREIGHTER,28813,155,24,10,11382,6408,SCHEVENINGEN,02/07/2000 00:00,LIBERIA,12906,9172959
RR TRIUMPH,RRTPH,FERRY,163081,122.32,19,6,7606,2282,VALLETTA,01/10/1997 00:00,MALTA,5758,9119397
RUHRTAL,RTAL,FREIGHTER,507300,87.98,12.8,5.51,2461,1369,MADEIRA,02/05/2005 00:00,PORTUGAL,3707,9313682
RUM JUNGLE,RJUN,MISCELLANEOUS,20245,22.8,5,2,50,38,,,,,235014165
RUTH,RUTH,FREIGHTER,28813,134.44,22,99,9981,6606,LIMASSOL,01/10/2006 00:00,CYPRUS,11253,9376036
SAGA PEARL 2,SPII,CRUISE,146961,164.35,22,6,18627,6267,VALLETTA,,MALTA,2952,8000214
SAGA RUBY,SRUB,CRUISE,20162,191.09,25,8,24492,9356,VALLETTA,,MALTA,5954,7214715
SAGA SAPPHIRE,SSAP,CRUISE,20162,199.63,28,8,37049,13555,VALLETTA,22/12/1980 00:00,MALTA,5168,7822457
SAGA WIND,SAWD,FREIGHTER,28813,199.2,30.57,11.82,29381,14155,HONKG KONG,01/11/1994 00:00,CHINA,47053,9074078
SAIL,SAIL,FREIGHTER,507300,91.46,13.6,6,2818,,ST JOHNS,,ANTIGUA BARBUDA,4222,9114713
SAIMAAGRACHT,SGRACHT,FREIGHTER,20246,185,26,7,18321,7647,ROTTERDAM,01/01/2005 00:00,NETHERLANDS,23660,9288069
SAINT-MALO,SAINT-MALO,FERRY,20212,194.7,,,40000,,,,,,
SALAMANCA,SAL,FERRY,20212,215,,,42000,,,,,,
SALAR,SALR,FREIGHTER,507300,82.73,13,5.08,2351,1206,HAMBURG,28/11/1988 00:00,,3432,8801125
SAMPOGRACHT,SAMPO,MISCELLANEOUS,20246,185.4,25,10,18321,7647,,03/12/2005 00:00,NETHERLANDS,23688,9288071
SAND FALCON,SAND FAL,DREDGER,28813,120.2,19.5,7.3,6534,,,,,9154,9151553
SAND FULMAR,SANDFUL,FREIGHTER,28813,99.9,19.6,7.78,5307,1592,CARDIFF,,UNITED KINGDOM,9153,
SAND HERON,SANDHERON,FREIGHTER,28813,99,16.5,6.54,3751,1125,SOUTHAMPTON,01/01/1990 00:00,UK,5916,8900701
SANTA 1,SANTA 1,CRUISE,28813,10,,,10,,,,,,
SANTA LUCIA,SLUC,FREIGHTER,28813,143,21,9,8507,4734,GRONINGEN,,NETHERLANDS,9566,9194921
SANTA MARIA,SAN,FREIGHTER,28813,143,21.82,9.27,8507,4734,MONROVIA,01/05/1999 00:00,LIBERIA,9566,9194957
SANTONA,SANTONA,FERRY,20212,214.5,,,40500,,,,,,
SARA,SARA,FUEL BARGE,202362,111,16,6,4156,1947,VALLETTA,16/09/1989 00:00,MALTA,6608,8814861
SARAH GREY,SAR,TUG,507300,25,9.6,1.85,106,,SOUTHAMPTON,01/01/1999 00:00,UK,,8956437
SCARLET LADY,SLADY,CRUISE,787265,277,,,110000,,,,,,
SCENIC ECLIPSE,SCENICECLIPSE,CRUISE,20162,166,,,17085,,,,,,
SCHWEIZ REEFER,SCHWZREEF,FREIGHTER,28813,158.13,24,10,13049,5353,NASSAU,,BAHAMAS,13930,9015216
SCOT BAY,SCOT BAY,FREIGHTER,563504,91.25,13.75,4.92,2595,1402,ROCHESTER,01/01/2001 00:00,UK,3154,9243930
SCOT LEADER,SLEA,FREIGHTER,20162,89.96,15,5,3183,1765,INVERNESS,01/08/2007 00:00,UNITED KINGDOM,4507,9404235
SCOT MARINER,SCOM,FREIGHTER,563504,89.98,13.75,4.92,2594,1395,ROTCHESTER,01/01/2001 00:00,UK,3313,9243916
SCOT NAVIGATOR,SCAN,FREIGHTER,563504,88,13.39,4.19,2571,1216,ROCHESTER ,01/06/2017 00:00,UK,3732,9820348
SCOTSMAN,SCO,TUG,934842,24.39,,4.42,192,57,HULL,01/01/2007 00:00,UNITED KINGDOM,,9429883
SD BOUNTIFUL,SBOUNT,TUG,41412,29.14,9,4,271,81,LONDON,,UNITED KINGDOM,,9533787
SD CHRISTINA,SDCH,TUG,41412,21.19,9,3,121,,LONDON,,UK,,9533751
SD FAITHFUL,SDFAI,TUG,41412,38.84,9.43,4.25,384,115,LONDON,01/01/1984 00:00,UK,85,8401494
SD INDEPENDENT,SDIN,TUG,41412,26.14,9,4,99,99,,,,99,9539808
SD INDULGENT,SDIND,TUG,41412,26.09,9,4,186,,,,UNITED KINGDOM,,9540285
SD RELIABLE,SDREL,TUG,41412,29,9,4,99,99,,,,99,9533402
SD TEESDALE,SDTEE,FUEL BARGE,41412,54,9,9,499,301,LONDON,,UNITED KINGDOM,1050,7510274
SE POTENTIA,SEPOTEN,FREIGHTER,563504,138.5,21,,9627,,,,,,
SEA CLOUD II,SCII,CRUISE,20162,117,16,5,3849,1154,VALLETTA,01/01/2000 00:00,MALTA,780,9171292
SEA CLOUD SPIRIT,SCS,CRUISE,20162,138,17.2,5.65,4228,1268,VALLETTA,01/04/2021 00:00,MALTA  ,,9483712
SEA HUNTRESS,SEHU,MISCELLANEOUS,78322,52.2,9.98,3.2,822,246,VALLETTA,01/01/1995 00:00,MALTA,,1005643
SEA KESTREL,SEAK,FREIGHTER,571589,78,11,4,1382,794,GEORGE TOWN,,CAYMAN IS,2225,9006459
SEA MELODY,SEAM,FREIGHTER,507300,88.6,12.5,5.42,2545,1460,BRIDGETOWN,01/01/2001 00:00,BARBADOS,3783,9195638
SEA SHANNON ,SHAN,FREIGHTER,563504,82.45,11.3,4.05,1670,,LEMMER,,NETHERLANDS,,9160047
SEA SPIRIT,SEASPT,CRUISE,202362,90.6,15.31,4.2,4200,1263,MADEIRA,13/02/1990 00:00,PORTUGAL,695,8802868
SEABED CONSTRUCTOR,SEACON,MISCELLANEOUS,202362,115.4,22,7,7883,2364,BERGEN,,NORWAY,6480,9682148
SEABOURN ODYSSEY,SEABOURN ODYSEEY,CRUISE,64766,198,,,32477,,,,,,
SEABOURN OVATION,SEAOVA,CRUISE,20162,210,28,6.8,41865,,NASSAU,01/09/2017 00:00,BAHAMAS,4784,9764958
SEABOURN QUEST,SEAQUEST,CRUISE,20162,198,,6.7,32346,10657,NASSAU,28/05/2011 00:00,BAHAMAS,3666,9483126
SEABOURN SOJOURN,SEABOURN SOJOURN,CRUISE,20162,198,,,32346,,,,,,
SEACAT ENDEAVOUR,SCATEN,WAVE PIERCING CRAFT,20099,19,7,1,49,,,,,,
SEADREAM I,SEAD1,CRUISE,20162,108,14,7.2,4253,,NASSAU,01/01/1998 00:00,BAHAMANIAN,,8203438
SEAFIN,SFIN,MISCELLANEOUS,932804,22.08,14,,200,150,,,,0,235075504
SEAGREEN,SGREN,MISCELLANEOUS,CASH,35,10,,30,1,,,,1,
SEAHORSE,SEA,MISCELLANEOUS,,24,5,,30,2,SOUTHAMPTON,28/07/2020 00:00,UK,2,
SEAJACKS LEVITHAN,SEAJ,MISC BARGE,202362,76,36,,5186,,,,,,
SEALION,SLION,MISCELLANEOUS,CASH,26,10,,99,,,,,,
SEATRADE ORANGE,SORG,FREIGHTER,28813,185,30,10,24901,9207,MONROVIA,,LIBERIA,26947,9690092
SEATRADE SERVICE,SEATRADE SERVICE,FREIGHTER,28813,99,,,99,,,,,,
SEAWOLF,SEAW,MISCELLANEOUS,639724,57.9,11.23,4.97,851,255,MARSHALL ISLANDS,01/01/1990 00:00,,407,5076298
SELINA,SEL,MISC BARGE,507300,85,,,99999,,UK,,,,
SERENISSIMA,SISSMA,CRUISE,20162,87.41,13,4,2598,829,KINGSTOWN,01/01/1960 00:00,,590,5142657
SEVEN SEAS NAVIGATOR,SSNAV,CRUISE,20162,171,,,28550,,,,,,
SEVEN SEAS SPLENDOR,SSSPLENDOUR,CRUISE,20162,224,31,7.2,55948,20738,MAJURO,01/01/2020 00:00,,5643,9807085
SEVEN SISTERS,SEV,FERRY,COMDCK,142.45,24,5,18940,5527,DIEPPE,,FRANCE,3608,9320130
SEVILLA CARRIER,SCARR,FREIGHTER,28813,134.01,20,7,5994,3362,MONROVIA,,LIBERIA,7252,9078488
SH DIANA,SHDIANA,CRUISE,20162,125,,,12255,,,,,,
SH MINERVA,SHMIN,CRUISE,20162,115,,,10600,,,,,,
SH VEGA,VEGA,CRUISE,20162,113,,5.7,10700,,VALLETTA,01/01/2022 00:00,MALTA,,9895252
SHEEP DOG,SDOG,TUG,423437,28,,3,151,,,,,,4904761
SHEMARA,SMARA,MISCELLANEOUS,57668,65,9,3,878,480,JERSEY,,UNITED KINGDOM,,
SHEMARA-WILLJAY,SWILL,MISCELLANEOUS,57668,65,9,3,878,480,JERSEY,,UNITED KINGDOM,,
SHETLAND TRADER,SHET TRAD,FREIGHTER,248689,74.94,11.4,4.35,1512,696,BRIDGETOWN,01/07/1992 00:00,,2386,9030486
SHIELDHALL,SHALL,MISCELLANEOUS,1014716,81.69,13,4,1753,999,GLASGOW,,UNITED KINGDOM,1870,5322752
SHOALWAY,SHWAY,DREDGER,20193,90,19,7,4088,1229,,,NETHERLANDS,5490,9556337
SIA,SIA,MISCELLANEOUS,423437,77.2,16,2,2525,758,KLINTEBJERG,31/08/1978 00:00,DENMARK,1000,7715434
SIEGFRIED LEHMANN,SIEG,FREIGHTER,507300,89.8,15.2,3.8,3183,,ST JOHNS,01/01/2005 00:00,ANTIGUA & BARBUDA,,9325142
SIEM N SEA,SSEA,MISCELLANEOUS,507300,93.6,19,6,4869,1616,NASSAU,,BAHAMAS,4257,9424508
SILVER CLOUD,SCLOUD,CRUISE,423437,155,21,5,16927,5302,NASSAU,01/01/1994 00:00,BAHAMAS,,8903923
SILVER DAWN,SILVER DAWN,CRUISE,20162,213,27,6.7,40700,,,,,,9857937
SILVER ENDEAVOUR,SILV END,CRUISE,20162,164.4,23.4,6.1,20449,6630,NASSAU,01/06/2021 00:00,BAHAMAS,2070,9821873
SILVER EXPLORER,SILEXP,CRUISE,423437,108.11,15,4,6130,1839,NASSAU,,BAHAMAS,635,8806747
SILVER SPIRIT,SVRSP,CRUISE,20162,196,,,36000,,BAHAMAS,,,,9437866
SILVER WIND,SILVERW,CRUISE,20162,156,,,16800,,,,,,
SIMON B,SIMON B,FREIGHTER,563504,82,11.5,4.2,1587,843,HAMBERG,,GERMANY,2380,8511029
SIRENA,SIRENA,CRUISE,20162,181,25.46,5.95,30277,11481,MAJURO,05/12/1999 00:00,MARSHALL ISLANDS,2700,9187899
SIRIUS,SRIUS,TUG,507300,26.62,8,4,189,,,01/01/1977 00:00,NETHERLANDS,106,7700180
SJARD,SJARD,FREIGHTER,563504,143.17,22.8,9.7,12936,5824,SAINT JOHNS,01/01/2007 00:00,ANTIGUA & BARBUDA,17305,9303314
SLOMAN DISPATCHER,SLOM,FREIGHTER,563504,138.2,21,8,9611,4260,SAINT JOHN'S,01/01/2012 00:00,ANTIGUA & BARBUDA,12634,9620657
SOLENT RAIDER,SRAID,FUEL BARGE,20104,58.91,10,2,605,329,POOLE,01/01/1968 00:00,UNITED KINGDOM,,
SOLITAS - H,SOLITAS,FREIGHTER,563504,89.75,12.5,5.49,2518,1837,LIMASSOL,01/02/2021 00:00,CYPRUS,3789,9858670
SOSPAN DAU,SDAU,DREDGER,20193,70.36,14,3,1546,463,PAPENDRECHT,07/06/2013 00:00,NETHERLANDS,2134,7711062
SOUTHERN BAY,SNBAY,FREIGHTER,28813,143,22,8,8879,4366,MONROVIA,,LIBERIA,,9152181
SPANACO FIDELITY,SPFI,FREIGHTER,563504,89.94,15.2,5.1,2984,1769,ST JOHNS,02/06/2009 00:00,ANTIGUA & BARBUDA,4192,9472024
SPANACO LOYALTY,SPA,FREIGHTER,507300,89.8,14.5,6.3,2.99,1.69,SAINT JOHN'S,01/01/2007 00:00,ANTIGUA AND BARBUDA,5,9373503
SPANACO RELIABILITY,SPAN,FREIGHTER,507300,89.8,14.5,6.3,2990,1686,,,,5000,
SPANISH ALTERNATIVE,SPANISH ALTERNATIVE,FERRY,507300,210,,,999,,,,,,
SPANISH VESSEL,SV,FERRY,CONFIDENTIAL,255,,,60000,,,,,,
SPIRIT OF ADVENTURE,SP OF ADV,CRUISE,20162,236,31.2,99,58250,,UK,,,,9818084
SPIRIT OF DISCOVERY,SPDIS,CRUISE,20162,236,,,58250,,LONDON,,UK,,9802683
SPIRIT OF GOSPORT,SGOS,FERRY,20141,30.51,10,3,300,,PORTSMOUTH,11/10/2001 00:00,UNITED KINGDOM,,8972089
SPIRIT OF PORTSMOUTH,SPIP,FERRY,20141,32.6,1,,377,126,,,UK,30,9319894
SPITSBERGEN,SPITSBERGEN,CRUISE,64766,101,18,5.3,7344,2312,TROMSO,01/05/2015 00:00,NORWAY (NIS),687,9434060
SPLIT 2,SPT2,DREDGER,29368,41,8,3,325,97,POOLE,01/01/1975 00:00,UNITED KINGDOM,,8633176
SPLIT 3,SPT3,DREDGER,29368,50.62,9,2,475,142,POOLE,01/01/1969 00:00,UNITED KINGDOM,,7012313
SPRING DELI,SDELI,FREIGHTER,28813,152.3,24,8,12783,4245,WILLEMSTAD,,NETHERLANDS,9891,8220424
ST CECILIA,STCEC,FERRY,20191,76.94,17,2,2968,904,LONDON,01/01/1987 00:00,UK,0,8518546
ST CLARE,STCLA,FERRY,20191,81.12,18,2,5359,1607,LONDON,,UK,0,9236949
ST FAITH,SFAI,FERRY,20191,76.94,17,2,3009,914,LONDON,01/01/1990 00:00,UK,0,8907228
ST HELENA,STHELENA,CRUISE,202362,105,,,6767,,,,,,
STAD AMSTERDAM,SAMS,MISCELLANEOUS,20162,78,10,4,723,277,AMSTERDAM,01/06/2000 00:00,DUTCH,110,9185554
STADT BREMERHAVEN,SBRE,FREIGHTER,28813,147.87,23,8,9954,5117,MAJURO,01/01/2005 00:00,MARSHAL ISLAN,0,9338278
STADT HAMELN,SHAM,FREIGHTER,28813,147.87,23,8,9957,5020,ST JOHNS,01/01/2007 00:00,ANTIGUA,13749,9330276
STAR BEST,STAR BEST,FREIGHTER,28813,162.5,26,9,14030,6742,PANAMA,01/12/2006 00:00,,13184,9350989
STAR BREEZE,STAR BREZ,CRUISE,20162,134,19,5,9975,,BAHAMAS,01/11/1989 00:00,BAHAMAS,5170,8807997
STAR CARE,SCAR,FREIGHTER,28813,162.5,26,9,14022,6724,PANAMA,13/10/2009 00:00,PANAMA,13300,9517903
STAR COURAGE,STA,FREIGHTER,28813,188.6,26,9.72,17164,8092,PANAMA,01/05/2017 00:00,,16727,9765859
STAR ENDEAVOUR,SEND,FREIGHTER,28813,162.5,26,9,14022,6724,PANAMA,24/02/2010 00:00,PANAMA,12967,9517927
STAR FIRST ,STAR FIRST ,FREIGHTER,28813,162.5,26,9.7,14030,,NASSAU,,BAHAMAS,,9330056
STAR LEADER,SLEAD,FREIGHTER,28813,162.5,26,9,14022,6724,PANAMA,01/04/2010 00:00,PANAMA,12955,9517939
STAR LEGEND,STAR LEGEND,CRUISE,20162,160,,,12969,,,,,,
STAR PRIDE,STARPRIDE,FREIGHTER,28813,162.5,26,9,14022,6724,PANAMA,,PANAMA,12955,9517915
STAR PRIMA,SPRIM,FREIGHTER,28813,162.5,26,14,14030,6720,PANAMA,,PANAMA,1318,9338747
STAR STANDARD,SSTAN,FREIGHTER,28813,162.5,26,9,14030,6724,SINGAPORE,,SINGAPORE,13201,9438509
STAR TRUST,STRU,FREIGHTER,28813,162.5,26,9,17030,6724,SINGAPORE,27/01/2009 00:00,SINGAPORE,13189,94318511
STEEL,STE,MISCELLANEOUS,606427,54.85,9.5,3.2,769,230,GEORGETOWN,01/11/2004 00:00,,78,1009156
STEFAN SIBUM,SSIB,FREIGHTER,28813,151.74,23,8,10585,5400,LIMASSOL,17/10/2008 00:00,GERMAN,13172,9461594
STEMAT 87,STEM,MISCELLANEOUS,20193,66,22,3,1369,0,,,,0,
STINNES PASSAT,STIN,FREIGHTER,20162,144.87,23,9.85,12795,5486,SAINT JOHN'S,24/11/2011 00:00,,17299,9473248
STRAMI,STRM,FREIGHTER,507300,88.25,13.21,5.46,2373,1434,NASSAU,,BAHAMAS,4245,8922254
STRANDWAY,STR,DREDGER,20193,92.1,19,6.16,4320,1296,LIMASSOL,01/06/2014 00:00,CYPRESS,5950,9664457
STREKKER,STRE,MISCELLANEOUS,20193,35,15,0,99,0,,,,0,1128037
SUDEROOG,SUD,FREIGHTER,28813,161.35,25,9,15633,6717,GIBRALTAR,30/04/2005 00:00,,16939,9256327
SUFFOLK SPIRIT,SUF,MISCELLANEOUS,481721,26,10,3,146,0,,,UK,0,9676917
SUMMER FLOWER,SFLO,FREIGHTER,20195,169.09,24,9,12659,6755,NASSAU,,BAHAMAS,13584,8413019
SUMMER WIND,SWIND,FREIGHTER,20195,169.09,24,9,12660,6755,NASSAU,01/11/1985 00:00,BAHAMAS,13636,8410574
SUNSET 1,SST1,MISCELLANEOUS,20182,51.1,0,5,493,148,,,UK,0,9222314
SUSANNE A,SUSA,MISCELLANEOUS,202362,54,14.72,,469,,,,,200,
SUURHUSEN S,SUUR,FREIGHTER,507300,88.77,13.17,5.68,2805,1568,SAINT JOHN'S,01/12/2020 00:00,ANTIGUA & BARBUDA,4261,9123245
SV FRIDTJOF NANSEN,SVFN,MISCELLANEOUS,CASH,43.33,6.89,2.57,247,74,WOLGAST,,GERMANY,0,5130094
SVEALAND,SVEA,FREIGHTER,507300,88.6,12.6,5.42,2498,1413,STADE,,GERMANY,3783,9195743
SVEN D,SVE,FREIGHTER,644009,141.6,20.8,7.3,7713,3785,SNEEK,,NETHERLANDS,9604,
SWAN CHACABUCO,SWCHA,FREIGHTER,20195,152,23,9,13099,4796,NASSAU,,BAHAMAS,12974,8907876
SWEDISH STREAM,SWED STR,FREIGHTER,28813,158.13,24.43,10.02,13049,5353,NASSAU,01/01/1992 00:00,BAHAMAS,13930,9030149
SY ADELE,ADE,MISCELLANEOUS,CASH,55,,5,289,,CAYMEN,,,,
SY ANATTA,SYAN,MISCELLANEOUS,COMDCK,66,10.25,4.9,499,149,GEORGE TOWN,01/02/2011 00:00,CAYMAN ISLANDS,,1011159
SY MERAKI,MRK,CRUISE,20246,49.7,9.61,4.35,265,79,GEORGE TOWN,,CAYMAN ISLANDS,,9840831
SY Q,SYQ,MISCELLANEOUS,20246,51.7,10.3,,407,,GEORGE TOWN,01/01/2008 00:00,CAYMAN ISLANDS,,1010040
SYMPHONY SPACE,SYM,FREIGHTER,563504,122.5,17.05,7.95,6749,3408,ROTTERDAM,,NETHERLANDS,10546,9735232
SYMPHONY SUN,SYS,FREIGHTER,563504,122.5,17.05,7.81,6.75,6.75,,01/01/2016 00:00,NETHERLANDS,10.55,9721669
SYROS,SYR,FUEL BARGE,202362,90.22,15,3,322,,,,,,9371294
TASMAN MERMAID,TASMER,FREIGHTER,28813,141.8,,8,9829,3538,PANAMA,,,10457,9045950
TAURAS J,TAURJ,FERRY,28813,154.59,24,14,14062,5525,SAINT JOHNS,,ANTIGUA & BARBUDA,18832,9248916
TEDDY,TEDDY,TUG,20195,23.35,,,123,,,,,,
TELMO,TELM,FREIGHTER,1921464,99.9,15.6,6.2,3978,2262,LIMASSOL,01/01/2016 00:00,CYPRUS,5613,9786798
TENACIOUS,TENA,MISCELLANEOUS,1478752,65,10,4,586,175,SOUTHAMPTON,,UNITED KINGDOM,,1005679
TEST SHIP 1,TEST 1,FERRY,1478752,1,,,1,,,,,,
TEST SHIP 2,TEST 2,FERRY,1478752,500,,,999999,,,,,,
THE WORLD,WORLD,CRUISE,20162,196,29.8,7.07,43188,15444,NASSAU,01/01/2002 00:00,BAHAMAS,4558,9219331
THOMSON CELEBRATION,THCEL,CRUISE,20195,214.66,27,7,33933,16050,VALLETTA,,MALTA,4243,5544071
THOR,THOR,MISCELLANEOUS,COMDCK,30,6,3,99,66,,,,,
THOR HEYERDAHL,THEY,MISCELLANEOUS,563504,49.8,6.53,2.21,211,118,KIEL,01/01/1931 00:00,GERMANY,315,5221491
THV MAIR,THMAR,MISCELLANEOUS,20231,24,6,,1,,,,UNITED KINGDOM,,235004042
TIBERBORG,TIBERBORG,FREIGHTER,20195,172.28,21.49,9.38,14.7,6.7,DELFZIJL,01/01/2013 00:00,NETHERLANDS,21.3,9546473
TIMOR STREAM,TSTR,FREIGHTER,28813,150,22,9,9307,4983,MONROVIA,01/09/1998 00:00,LIBERIA,11013,9172947
TINA C,TIN,FREIGHTER,507300,99.6,14.5,6.2,3391,,COWES ,,UNITED KINGDOM,,9416331
TORPO,TOR,FREIGHTER,20162,88.15,14.18,4.9,1986,1246,BRIDGETOWN,01/01/1990 00:00,,3504,8908791
TRAFALGAR SENTINEL,TRAFSE,MISCELLANEOUS,202362,60,15.8,5.2,2.03,609,ABERDEEN ,29/09/2020 00:00,UNITED KINGDOM,1.62,9720706
TRENT NAVIGATOR,TNAV,FREIGHTER,20246,111.6,16,7,5667,3048,HERENVEEN,21/05/2013 00:00,NETHERLANDS,,9631369
TRIPLE SEVEN,TRIP,MISCELLANEOUS,COMDCK,67.4,12.81,3.55,1393,417,,,,250,
TUCANA,TUCA,FREIGHTER,20162,88.6,12.5,5.42,2545,1460,HEERHUGOWAARD,01/01/2008 00:00,NETHERLANDS,3783,9455674
TUG HOLLAND,THOL,TUG,20162,57.5,9,3,570,171,WEST-TERSCHELLI,,NETHERLANDS,,5153462
UHL FINESSE,UHFI,FREIGHTER,563504,149.99,25.91,9.2,16732,5180,MADEIRA,01/01/2021 00:00,PORTUGAL,17102,9892511
UHL FLASH,UHL,FREIGHTER,563504,149.99,25.87,8.3,16732,5180,MADEIRA,01/01/2019 00:00,PORTUGAL,14066,9785407
UHL FRONTIER,UHLFR,FREIGHTER,563504,149.99,25.85,9.2,16729,5180,MADEIRA,01/01/2019 00:00,PORTUGAL,17121,9789685
UKD BLUEFIN,UBLUE,DREDGER,20193,97.96,18,5,4171,1251,SWANSEA,,UNITED KINGDOM,5797,9143427
UNEXPECTED,UNE,MISCELLANEOUS,78322,38,8,2.5,377,,,,,67,
VADERO HIGHLANDER ,VAD,FUEL BARGE,202362,78.56,10.45,4.27,1.32,600,,,,1.86,
VAL DE LOIRE,VAL,FERRY,20212,161,32,6,31395,13212,MORLAIX,01/01/1987 00:00,FRANCE,,8502406
VALERIE,VALER,FREIGHTER,507300,89.95,14.4,6.23,2984,1598,GRONINGEN,01/01/2012 00:00,NETHERLANDS,4450,9374739
VALIANT LADY,VALADY,CRUISE,787265,278,42,8.3,110000,74502,NASSAU,15/06/2020 00:00,BAHAMAS,10000,9805336
VARNEBANK,VARN,FREIGHTER,,132.23,15.87,7.5,6130,3424,DELFZIJL,01/11/2000 00:00,NETHERLANDS,9567,9213739
VASCO DA GAMA,VASCO,CRUISE,20162,219.4,30.8,7.72,55877,26345,MADEIRA,30/07/1991 00:00,PORTUGAL ,7637,8919245
VDE III,VDEIII,MISCELLANEOUS,20099,36,3,99,99999,0,,,,,
VECTIS HARRIER,VEC,FREIGHTER,563504,109.95,17,8,6190,2619,DOUGLAS,01/08/2012 00:00,BRITISH,8557,9594303
VEDETTE,VED,FREIGHTER,28813,88,13,5.4,1,1,PEEL,01/01/2000 00:00,ISLE OF MAN ,3850,9195729
VEGA VIRGO,VEG,FREIGHTER,28813,139.26,22,8,9,4,MONROVIA,01/01/2011 00:00,LIBERIA,11,9491604
VENTURA,VEN,FREIGHTER,507300,88.8,12.5,5.4,2545,1460,FAVERSHAM,,UNITED KINGDOM,3812,9195731
VERTOM MARJOLIN,VERTOM,FREIGHTER,507300,88.25,12.4,5.14,2451,1325,LUXEMBOURG,01/10/2020 00:00,,3583,9507350
VESTVIND,VESTVIND,FREIGHTER,563504,130,,5,7175,,ANTIGUA,,,10238,9750579
VICTORIA,VICTORIA,CRUISE,110214,191.85,,,57092,,,,,,
VICTORIA OF WIGHT,VIC OF W,FERRY,20191,89.7,20,,8041,8041,,,,950,9791028
VIKING ENERGY,VIKEN,MISCELLANEOUS,20193,26.48,11,2.61,255,76,KIRKWALL,01/01/2019 00:00,UNITED KINGDOM,0,9868510
VIKING JUPITER,VJUP,CRUISE,20162,228.3,66.5,6.65,47800,,BERGEN,10/05/2021 00:00,NORWAY,,9796262
VIKING MARS,VIKMAR,CRUISE,20162,227,28.8,6.4,60000,18853,BERGEN,15/07/2021 00:00,NORWAY ,4900,9833187
VIKING MERCURY,VIKING MERCURY,CRUISE,20162,228,,,47842,,,,,,
VIKING NEPTUNE,VIKNEP,CRUISE,20162,228,,,47800,,BERGEN,,,,9845910
VIKING SATURN,VSATURN,CRUISE,20162,228,,,47842,,,,,,
VIKING SEA,VSEA,CRUISE,20162,228.2,28.8,6.3,47842,,BERGEN,05/05/2016 00:00,NORWEGIAN,4870,9725421
VIKING SENTINEL,VIKING S,MISCELLANEOUS,202362,60,,5.2,2.03,609,ABERDEEN,20/08/2022 00:00,UNITEDKINGDOM,1.59,9720718
VIKING SKY,VSKY,CRUISE,20162,228.3,28,6,47842,18858,BERGAN,23/03/2016 00:00,,4826,9650420
VIKING STAR,VSTAR,CRUISE,20162,228.3,28,6,47842,18858,BERGEN,23/06/2014 00:00,SWITZERLAND,4912,9650418
VIKING SUN,VSUN,CRUISE,20162,228.33,28,6,47842,18858,BERGEN,15/12/2016 00:00,,4797,9725433
VIKING TELLUS,VTELLUS,CRUISE,20162,228,,,47842,,,,,,
VIKING VELLA,VIKING VELLA,CRUISE,20162,239,,,54300,,,,,,
VIKING VENUS,VVENUS,CRUISE,20162,228,28.89,6.65,47842,,BERGEN,01/04/2021 00:00,NORWAY,,9833175
VIONA,VINA,FREIGHTER,28813,178.57,27,10,17360,9038,MADERIA,01/07/2013 00:00,PORTUGAL,22248,9333369
VIRGINIA ANN,VIRG,MISCELLANEOUS,64766,87.17,18.3,,3378,,,,,4.47,
VLISTDIEP,VLI,FREIGHTER,28813,118,16,4.8,4990,,,01/01/2007 00:00,NETHERLANDS,7781,9414187
VOS PACE,VPACE,FREIGHTER,507300,83.4,18,4,3638,1295,BRESKENS,01/01/2015 00:00,NETHERLANDS,4120,9685750
VOS STONE,VOST,FREIGHTER,507300,80,18.4,5.8,4965,1489,BRESKENS,18/06/2016 00:00,NETHERLANDS,2348,9730517
VULCAN 2,VUL,TUG,28813,16.6,6,2,9999,,FALMOUTH,01/01/2011 00:00,BRITISH,,
WATERWAY,WATER,DREDGER,20193,97.7,23.02,6.58,5.395,1.62,LIMASSOL,01/01/2001 00:00,CYPRUS,6.61,9240005
WAVE SENTINEL,WSEN,MISCELLANEOUS,20162,137.5,21,6,12330,3700,LONDON,04/02/1995 00:00,UNITED KINGDOM,4552,9100748*
WAVERLEY,WVLY,STEAMBOAT,1464390,73.13,17,1,693,327,GLASGOW,01/01/1947 00:00,UNITED KINGDOM,,5386954
WD MERSEY,WDMER,DREDGER,20193,67.59,13,5,1595,478,LIVERPOOL,23/01/1980 00:00,UNITED KINGDOM,2778,8123195
WHITASK,WTASK,FUEL BARGE,20104,57.31,10,2,640,343,LONDON,01/09/1978 00:00,UNITED KINGDOM,,7715408
WHITCHALLENGER,WCHAL,FUEL BARGE,20104,84.95,15,6,2958,1355,DOUGLAS,01/09/2002 00:00,UNITED KINGDOM,4450,9252278
WHITCHAMPION,WCHAMP,FUEL BARGE,20104,84.95,15,6,2965,1355,DOUGLAS,,UNITED KINGDOM,4513,9252280
WHITDAWN,WDAWN,FUEL BARGE,20104,79.93,16,5.1,2746,,VALLETTA,,MALTESE,,9604342
WHITMARINER,WMARIN,FUEL BARGE,20104,88.52,11,5,1363,,LIMASSOL,,UNITED KINGDOM,0,7813169
WHITONIA,WHNIA,FUEL BARGE,20104,101.84,18,6,4292,1963,DOUGLAS,15/11/2006 00:00,UNITED KINGDOM,7000,9342607
WHITSTAR,WHITST,FUEL BARGE,20104,75.1,14.1,5.75,2159,824,HULL,,UK,3185,
WIGHT LIGHT,WLIGHT,FERRY,20191,62,,,2546,,LONDON ,,UNITED KINGDOM,,9446972
WIGHT RYDER 1,WRYD1,FERRY,20191,39.5,12,1,520,164,,,,130,9512537
WIGHT RYDER 2,WRYD2,FERRY,20191,40.9,12,1,520,164,PORTSMOUTH,,UNITED KINGDOM,130,9512549
WIGHT SCENE,WSCENE,FERRY,20272,26.4,10,2,279,134,COWES,01/01/1992 00:00,UNITED KINGDOM,,9056997
WIGHT SKY,WSKY,FERRY,20191,62.4,16,4,2546,763,LONDON,,UNITED KINGDOM,,9446984
WIGHT SUN,WSUN,FERRY,20191,62,16,2,1500,,LONDON,29/06/2008 00:00,UNITED KINGDOM,360,9490416
WILANNE,WANN,TUG,57668,16.89,5,2,35,35,SOUTHAMPTON,,UNITED KINGDOM,,9320221
WILCARRY,WCAR,MISCELLANEOUS,57668,50,,,229,,SOUTHAMPTON,,UNITED KINGDOM,,
WILCARRY 100,WCAR100,MISCELLANEOUS,20193,14,8,0,1,1,,,UNITED KINGDOM,37,
WILD COSMOS,WCOS,FREIGHTER,20195,149.92,22,8,9859,5124,PANAMA,01/01/2006 00:00,PANAMA,10097,9181132
WILD LOTUS,WLOT,FREIGHTER,20195,149.92,22,8,9660,5124,PANAMA,,PANAMA,10139,9181168
WILD PEONY,WPEO,FREIGHTER,20195,149.92,,8,9859,5124,PANAMA,,PANAMA,10110,9191474
WILHELM,WHELM,FREIGHTER,28813,134.44,22,8,9981,606,LIMASSOL,01/10/2006 00:00,CYPRUS,11255,9376050
WILLDART,WDAR,TUG,57668,14,6,,0,,,,,,
WILLEM B,WILB,TUG,COMDCK,18.4,5,2,1,1,,,NETHERLANDS,1,8433681
WILLENDEAVOUR,WEND,TUG,57668,22,9,3,136,1,,,BRITISH,1,8668353
WILLPOWER,WIPO,TUG,57668,22.5,7.25,3.18,140,36,SOUTHAMPTON,30/04/2014 00:00,UNITED KINGDOM,62,9220691
WILLPOWER-DNU,WPOW,TUG,COMDCK,19.5,6,2,120,,SOUTHAMPTON,01/01/1995 00:00,UNTIED KINGDOM,,9059262
WILLSUPPLY,WISU,MISCELLANEOUS,57668,22.5,,1.8,0,,,,,,
WILSON FEDJE ,WILFED ,FREIGHTER,507300,89.93,15.66,6,3.56,1.59,BRIDGETOWN,01/01/2012 00:00,BARBADOS,4.5,9491757
WILSON FLEX IV,WIL FEL ,FREIGHTER,563504,88.5,14.5,5.7,2995,,MADEIRA,01/11/2022 00:00,PORTUGAL,,9911460
WILSON JUPITER,WILS,FREIGHTER,563504,87.97,11.8,5.4,2281,1229,SAINT JOHN'S,10/04/2021 00:00,ANTIGUA & BARBUDA,3629,9411795
WILSON MONSOON,WIL,FREIGHTER,563504,90.6,13.8,4.3,2035,1168,BRIDGETOWN,,BARDADOS,2780,
WILSON PARNU ,WILPAR,FREIGHTER,507300,89.8,14.5,6.3,2990,,BERGEN ,,NORWAY ,,9373541
WILSON POLICE,WILPOL,FREIGHTER,507300,89.8,14.5,6.3,2.99,1.69,BERGEN,01/01/2007 00:00,NORWAY,4998,9373539
WILSON SKAW ,SKAW,FREIGHTER,563504,112.7,15.2,6.68,4197,2033,BRIDGETOWN,03/12/2014 00:00,BARBADOS,6460,8918459
WILSON WISLA,WILW,FREIGHTER,563504,82.35,11460,4.8,1864,938,BRIDGETOWN,01/01/1996 00:00,,2517,9156175
WIND SOLUTION,WINDSO,FERRY,507300,122.71,19,5,8893,2667,LONDON,,UNITED KINGDOM,1845,6918560
WIND SURF,WSURF,CRUISE,20162,187.2,20,13,14745,5056,NASSUA,01/05/2007 00:00,BAHAMAS,1654,9700785
WINGS,WIN,FREIGHTER,507300,87,12.98,5.08,2351,1206,ST JOHNS,01/01/1989 00:00,ANTIGUA&BARBUDA,3432,8801113
WORLD EXPLORER,WEXP,CRUISE,507300,134,19,,9300,,,,MADEIRA,,
WORLD NAVIGATOR,WORLDNAV,CRUISE,20162,126,18,4,9300,2812,MADEIRA,23/08/2020 00:00,PORTUGAL,1123,9871531
WORLD VOYAGER,WVOYAGER,CRUISE,20162,126,18,4,9300,2812,MADEIRA,10/05/2019 00:00,PORTUGAL ,1103,9871529
WYEFORCE,AWY,TUG,610025,19.2,6.1,2.6,57,,,,UNITED KINGDOM,,
YORKSHIREMAN,YORK,TUG,934842,24.39,9,4,144,136,HULL,01/09/2007 00:00,UK,97,9655884
ZEA BREMEN,ZEA,FREIGHTER,563504,156.76,,7.8,10.9,5.77,MONROVIA,01/01/2016 00:00,LIBERIA,12.77,9273791
ZENIT,ZEN,FREIGHTER,20195,152,23,9,13312,4796,MONROVIA,,LIBERIA,12848,8700228
ZENOBE GRAMME,OBE,MISCELLANEOUS,635040,28,6.8,2.1,999999,,BELGIUM ,01/12/1961 00:00,,,4515780
